Workbook

Sheet Instructiuni
A1: Propunere financiară – Înlocuire acoperiș clădire Parc Dofteana – DSBC 2026 II (ADV1549806)
A3: Termen: 07.10.2026, ora 10:00 –
A4: 1. Foaia Resurse: prețurile resurselor (fără TVA) din baza de prețuri BILZI, cu sursa fiecăruia. Celulele galbene se pot modifica – oferta se recalculează.
A5: 2. Foaia Analiza: consumurile pe unitatea fiecărui articol din F3 (norme uzuale, de verificat).
A6: 3. F3: prețurile unitare pe material / manoperă / utilaj / transport rezultă din Analiza; CAM 2,25% din manoperă, cheltuieli indirecte și profit în celulele galbene.
A7: 4. C6–C9, Grafic și Anexa se completează singure; rândurile „Verificare” trebuie să fie 0.
A8: 5. Valoarea estimată: 252,389.69 lei fără TVA. Oferta peste această valoare este respinsă.
A9: Profit aplicat: 12.0% (cel mai mare pas de 0,5% cu care oferta rămâne la cel mult 97% din valoarea estimată, între 5% și 25%).

Sheet F3
A1: F3 – Lista cu cantitățile de lucrări – deviz ofertă
A2: Obiectiv: Înlocuire acoperiș clădire Parc Dofteana – DSBC 2026 II – Beneficiar: Direcția Silvică Bacău
A3: Ofertant: BILZI STEEL PROFILE S.R.L., CUI 39666285, J10/757/2018, Buzău
A4: Valori în lei, fără TVA
A6: Nr. | B6: Simbol | C6: Denumire articol | D6: UM | E6: Cantitate | F6: PU material | G6: PU manoperă | H6: PU utilaj | I6: PU transport | J6: Valoare material | K6: Valoare manoperă | L6: Valoare utilaj | M6: Valoare transport | N6: Total
C7: 02 Demontări
A8: 1 | B8: DEM001 | C8: Demontare învelitoare țiglă ceramică existentă, cu recuperarea materialului | D8: mp | E8: 600 | F8: =ROUND(SUMIFS(Analiza!$J$7:$J$138,Analiza!$A$7:$A$138,$A8,Analiza!$K$7:$K$138,"Material"),2) | G8: =ROUND(SUMIFS(Analiza!$J$7:$J$138,Analiza!$A$7:$A$138,$A8,Analiza!$K$7:$K$138,"Manopera"),2) | H8: =ROUND(SUMIFS(Analiza!$J$7:$J$138,Analiza!$A$7:$A$138,$A8,Analiza!$K$7:$K$138,"Utilaj"),2) | I8: =ROUND(SUMIFS(Analiza!$J$7:$J$138,Analiza!$A$7:$A$138,$A8,Analiza!$K$7:$K$138,"Transport"),2) | J8: =ROUND($E8*F8,2) | K8: =ROUND($E8*G8,2) | L8: =ROUND($E8*H8,2) | M8: =ROUND($E8*I8,2) | N8: =SUM(J8:M8)
A9: 2 | B9: DEM002 | C9: Demontare sistem pluvial existent (jgheaburi, burlane, cârlige, brățări) | D9: ml | E9: 175.82 | F9: =ROUND(SUMIFS(Analiza!$J$7:$J$138,Analiza!$A$7:$A$138,$A9,Analiza!$K$7:$K$138,"Material"),2) | G9: =ROUND(SUMIFS(Analiza!$J$7:$J$138,Analiza!$A$7:$A$138,$A9,Analiza!$K$7:$K$138,"Manopera"),2) | H9: =ROUND(SUMIFS(Analiza!$J$7:$J$138,Analiza!$A$7:$A$138,$A9,Analiza!$K$7:$K$138,"Utilaj"),2) | I9: =ROUND(SUMIFS(Analiza!$J$7:$J$138,Analiza!$A$7:$A$138,$A9,Analiza!$K$7:$K$138,"Transport"),2) | J9: =ROUND($E9*F9,2) | K9: =ROUND($E9*G9,2) | L9: =ROUND($E9*H9,2) | M9: =ROUND($E9*I9,2) | N9: =SUM(J9:M9)
A10: 3 | B10: DEM003 | C10: Demontare instalație paratrăsnet existentă inclusiv console și elemente de fixare | D10: LS | E10: 1 | F10: =ROUND(SUMIFS(Analiza!$J$7:$J$138,Analiza!$A$7:$A$138,$A10,Analiza!$K$7:$K$138,"Material"),2) | G10: =ROUND(SUMIFS(Analiza!$J$7:$J$138,Analiza!$A$7:$A$138,$A10,Analiza!$K$7:$K$138,"Manopera"),2) | H10: =ROUND(SUMIFS(Analiza!$J$7:$J$138,Analiza!$A$7:$A$138,$A10,Analiza!$K$7:$K$138,"Utilaj"),2) | I10: =ROUND(SUMIFS(Analiza!$J$7:$J$138,Analiza!$A$7:$A$138,$A10,Analiza!$K$7:$K$138,"Transport"),2) | J10: =ROUND($E10*F10,2) | K10: =ROUND($E10*G10,2) | L10: =ROUND($E10*H10,2) | M10: =ROUND($E10*I10,2) | N10: =SUM(J10:M10)
A11: 4 | B11: DEM004 | C11: Demontare șorțuri, capace și elemente metalice aferente coșurilor de fum | D11: buc | E11: 4 | F11: =ROUND(SUMIFS(Analiza!$J$7:$J$138,Analiza!$A$7:$A$138,$A11,Analiza!$K$7:$K$138,"Material"),2) | G11: =ROUND(SUMIFS(Analiza!$J$7:$J$138,Analiza!$A$7:$A$138,$A11,Analiza!$K$7:$K$138,"Manopera"),2) | H11: =ROUND(SUMIFS(Analiza!$J$7:$J$138,Analiza!$A$7:$A$138,$A11,Analiza!$K$7:$K$138,"Utilaj"),2) | I11: =ROUND(SUMIFS(Analiza!$J$7:$J$138,Analiza!$A$7:$A$138,$A11,Analiza!$K$7:$K$138,"Transport"),2) | J11: =ROUND($E11*F11,2) | K11: =ROUND($E11*G11,2) | L11: =ROUND($E11*H11,2) | M11: =ROUND($E11*I11,2) | N11: =SUM(J11:M11)
A12: 5 | B12: DEM005 | C12: Demontare tubulatură ceramică existentă coș fum | D12: ml | E12: 40 | F12: =ROUND(SUMIFS(Analiza!$J$7:$J$138,Analiza!$A$7:$A$138,$A12,Analiza!$K$7:$K$138,"Material"),2) | G12: =ROUND(SUMIFS(Analiza!$J$7:$J$138,Analiza!$A$7:$A$138,$A12,Analiza!$K$7:$K$138,"Manopera"),2) | H12: =ROUND(SUMIFS(Analiza!$J$7:$J$138,Analiza!$A$7:$A$138,$A12,Analiza!$K$7:$K$138,"Utilaj"),2) | I12: =ROUND(SUMIFS(Analiza!$J$7:$J$138,Analiza!$A$7:$A$138,$A12,Analiza!$K$7:$K$138,"Transport"),2) | J12: =ROUND($E12*F12,2) | K12: =ROUND($E12*G12,2) | L12: =ROUND($E12*H12,2) | M12: =ROUND($E12*I12,2) | N12: =SUM(J12:M12)
A13: 6 | B13: DEM006 | C13: Demontare lambriu intrados streașină existent | D13: mp | E13: 155 | F13: =ROUND(SUMIFS(Analiza!$J$7:$J$138,Analiza!$A$7:$A$138,$A13,Analiza!$K$7:$K$138,"Material"),2) | G13: =ROUND(SUMIFS(Analiza!$J$7:$J$138,Analiza!$A$7:$A$138,$A13,Analiza!$K$7:$K$138,"Manopera"),2) | H13: =ROUND(SUMIFS(Analiza!$J$7:$J$138,Analiza!$A$7:$A$138,$A13,Analiza!$K$7:$K$138,"Utilaj"),2) | I13: =ROUND(SUMIFS(Analiza!$J$7:$J$138,Analiza!$A$7:$A$138,$A13,Analiza!$K$7:$K$138,"Transport"),2) | J13: =ROUND($E13*F13,2) | K13: =ROUND($E13*G13,2) | L13: =ROUND($E13*H13,2) | M13: =ROUND($E13*I13,2) | N13: =SUM(J13:M13)
A14: 7 | B14: DEM007 | C14: Demontare elemente lemn degradate (astereală, șipci, contrașipci, pazii) | D14: mp | E14: 600 | F14: =ROUND(SUMIFS(Analiza!$J$7:$J$138,Analiza!$A$7:$A$138,$A14,Analiza!$K$7:$K$138,"Material"),2) | G14: =ROUND(SUMIFS(Analiza!$J$7:$J$138,Analiza!$A$7:$A$138,$A14,Analiza!$K$7:$K$138,"Manopera"),2) | H14: =ROUND(SUMIFS(Analiza!$J$7:$J$138,Analiza!$A$7:$A$138,$A14,Analiza!$K$7:$K$138,"Utilaj"),2) | I14: =ROUND(SUMIFS(Analiza!$J$7:$J$138,Analiza!$A$7:$A$138,$A14,Analiza!$K$7:$K$138,"Transport"),2) | J14: =ROUND($E14*F14,2) | K14: =ROUND($E14*G14,2) | L14: =ROUND($E14*H14,2) | M14: =ROUND($E14*I14,2) | N14: =SUM(J14:M14)
A15: 8 | B15: DEM008 | C15: Demontare firidă electrică și elemente suport existente pentru repoziționare | D15: buc | E15: 1 | F15: =ROUND(SUMIFS(Analiza!$J$7:$J$138,Analiza!$A$7:$A$138,$A15,Analiza!$K$7:$K$138,"Material"),2) | G15: =ROUND(SUMIFS(Analiza!$J$7:$J$138,Analiza!$A$7:$A$138,$A15,Analiza!$K$7:$K$138,"Manopera"),2) | H15: =ROUND(SUMIFS(Analiza!$J$7:$J$138,Analiza!$A$7:$A$138,$A15,Analiza!$K$7:$K$138,"Utilaj"),2) | I15: =ROUND(SUMIFS(Analiza!$J$7:$J$138,Analiza!$A$7:$A$138,$A15,Analiza!$K$7:$K$138,"Transport"),2) | J15: =ROUND($E15*F15,2) | K15: =ROUND($E15*G15,2) | L15: =ROUND($E15*H15,2) | M15: =ROUND($E15*I15,2) | N15: =SUM(J15:M15)
A16: 9 | B16: DEM09 | C16: Transportul manual al materialelor, în spații libere și neaccidentate, prin purtat direct pe primii 10 m distanță orizontală, cu încărcătura de cel mult 50 kg, la o distanță de cel mult 60 m | D16: t | E16: 19 | F16: =ROUND(SUMIFS(Analiza!$J$7:$J$138,Analiza!$A$7:$A$138,$A16,Analiza!$K$7:$K$138,"Material"),2) | G16: =ROUND(SUMIFS(Analiza!$J$7:$J$138,Analiza!$A$7:$A$138,$A16,Analiza!$K$7:$K$138,"Manopera"),2) | H16: =ROUND(SUMIFS(Analiza!$J$7:$J$138,Analiza!$A$7:$A$138,$A16,Analiza!$K$7:$K$138,"Utilaj"),2) | I16: =ROUND(SUMIFS(Analiza!$J$7:$J$138,Analiza!$A$7:$A$138,$A16,Analiza!$K$7:$K$138,"Transport"),2) | J16: =ROUND($E16*F16,2) | K16: =ROUND($E16*G16,2) | L16: =ROUND($E16*H16,2) | M16: =ROUND($E16*I16,2) | N16: =SUM(J16:M16)
C17: Total 02 Demontări | J17: =SUM(J8:J16) | K17: =SUM(K8:K16) | L17: =SUM(L8:L16) | M17: =SUM(M8:M16) | N17: =SUM(N8:N16)
C19: 03 Reparații suport lemn
A20: 10 | B20: REP001 | C20: Reparații locale căpriori și grinzi lemn existente prin eclisare și completare secțiune în pod | D20: mc | E20: 1 | F20: =ROUND(SUMIFS(Analiza!$J$7:$J$138,Analiza!$A$7:$A$138,$A20,Analiza!$K$7:$K$138,"Material"),2) | G20: =ROUND(SUMIFS(Analiza!$J$7:$J$138,Analiza!$A$7:$A$138,$A20,Analiza!$K$7:$K$138,"Manopera"),2) | H20: =ROUND(SUMIFS(Analiza!$J$7:$J$138,Analiza!$A$7:$A$138,$A20,Analiza!$K$7:$K$138,"Utilaj"),2) | I20: =ROUND(SUMIFS(Analiza!$J$7:$J$138,Analiza!$A$7:$A$138,$A20,Analiza!$K$7:$K$138,"Transport"),2) | J20: =ROUND($E20*F20,2) | K20: =ROUND($E20*G20,2) | L20: =ROUND($E20*H20,2) | M20: =ROUND($E20*I20,2) | N20: =SUM(J20:M20)
A21: 11 | B21: REP002 | C21: Reparații locale lucarne, terasă existentă, elemente decor lemn (include și consolidări structură de lemn) | D21: buc | E21: 4 | F21: =ROUND(SUMIFS(Analiza!$J$7:$J$138,Analiza!$A$7:$A$138,$A21,Analiza!$K$7:$K$138,"Material"),2) | G21: =ROUND(SUMIFS(Analiza!$J$7:$J$138,Analiza!$A$7:$A$138,$A21,Analiza!$K$7:$K$138,"Manopera"),2) | H21: =ROUND(SUMIFS(Analiza!$J$7:$J$138,Analiza!$A$7:$A$138,$A21,Analiza!$K$7:$K$138,"Utilaj"),2) | I21: =ROUND(SUMIFS(Analiza!$J$7:$J$138,Analiza!$A$7:$A$138,$A21,Analiza!$K$7:$K$138,"Transport"),2) | J21: =ROUND($E21*F21,2) | K21: =ROUND($E21*G21,2) | L21: =ROUND($E21*H21,2) | M21: =ROUND($E21*I21,2) | N21: =SUM(J21:M21)
A22: 12 | B22: REP003 | C22: Curățare strat vechi de vopsea de pe elemente lemn prin sablare laser | D22: ora | E22: 200 | F22: =ROUND(SUMIFS(Analiza!$J$7:$J$138,Analiza!$A$7:$A$138,$A22,Analiza!$K$7:$K$138,"Material"),2) | G22: =ROUND(SUMIFS(Analiza!$J$7:$J$138,Analiza!$A$7:$A$138,$A22,Analiza!$K$7:$K$138,"Manopera"),2) | H22: =ROUND(SUMIFS(Analiza!$J$7:$J$138,Analiza!$A$7:$A$138,$A22,Analiza!$K$7:$K$138,"Utilaj"),2) | I22: =ROUND(SUMIFS(Analiza!$J$7:$J$138,Analiza!$A$7:$A$138,$A22,Analiza!$K$7:$K$138,"Transport"),2) | J22: =ROUND($E22*F22,2) | K22: =ROUND($E22*G22,2) | L22: =ROUND($E22*H22,2) | M22: =ROUND($E22*I22,2) | N22: =SUM(J22:M22)
A23: 13 | B23: REP004 | C23: Chituire, tratament de profunzime, impregnare și vopsire lemn exterior vechi după curățare laser | D23: mp | E23: 50 | F23: =ROUND(SUMIFS(Analiza!$J$7:$J$138,Analiza!$A$7:$A$138,$A23,Analiza!$K$7:$K$138,"Material"),2) | G23: =ROUND(SUMIFS(Analiza!$J$7:$J$138,Analiza!$A$7:$A$138,$A23,Analiza!$K$7:$K$138,"Manopera"),2) | H23: =ROUND(SUMIFS(Analiza!$J$7:$J$138,Analiza!$A$7:$A$138,$A23,Analiza!$K$7:$K$138,"Utilaj"),2) | I23: =ROUND(SUMIFS(Analiza!$J$7:$J$138,Analiza!$A$7:$A$138,$A23,Analiza!$K$7:$K$138,"Transport"),2) | J23: =ROUND($E23*F23,2) | K23: =ROUND($E23*G23,2) | L23: =ROUND($E23*H23,2) | M23: =ROUND($E23*I23,2) | N23: =SUM(J23:M23)
C24: Total 03 Reparații suport lemn | J24: =SUM(J20:J23) | K24: =SUM(K20:K23) | L24: =SUM(L20:L23) | M24: =SUM(M20:M23) | N24: =SUM(N20:N23)
C26: 04 Înlocuire învelitoare
A27: 14 | B27: ACS001 | C27: Înlocuire generală astereală existentă din scândură rășinoase de 25 mm | D27: mp | E27: 600 | F27: =ROUND(SUMIFS(Analiza!$J$7:$J$138,Analiza!$A$7:$A$138,$A27,Analiza!$K$7:$K$138,"Material"),2) | G27: =ROUND(SUMIFS(Analiza!$J$7:$J$138,Analiza!$A$7:$A$138,$A27,Analiza!$K$7:$K$138,"Manopera"),2) | H27: =ROUND(SUMIFS(Analiza!$J$7:$J$138,Analiza!$A$7:$A$138,$A27,Analiza!$K$7:$K$138,"Utilaj"),2) | I27: =ROUND(SUMIFS(Analiza!$J$7:$J$138,Analiza!$A$7:$A$138,$A27,Analiza!$K$7:$K$138,"Transport"),2) | J27: =ROUND($E27*F27,2) | K27: =ROUND($E27*G27,2) | L27: =ROUND($E27*H27,2) | M27: =ROUND($E27*I27,2) | N27: =SUM(J27:M27)
A28: 15 | B28: ACS002 | C28: Montaj șipci 50×50 mm și contrașipci rășinoase 30×50 mm | D28: mp | E28: 600 | F28: =ROUND(SUMIFS(Analiza!$J$7:$J$138,Analiza!$A$7:$A$138,$A28,Analiza!$K$7:$K$138,"Material"),2) | G28: =ROUND(SUMIFS(Analiza!$J$7:$J$138,Analiza!$A$7:$A$138,$A28,Analiza!$K$7:$K$138,"Manopera"),2) | H28: =ROUND(SUMIFS(Analiza!$J$7:$J$138,Analiza!$A$7:$A$138,$A28,Analiza!$K$7:$K$138,"Utilaj"),2) | I28: =ROUND(SUMIFS(Analiza!$J$7:$J$138,Analiza!$A$7:$A$138,$A28,Analiza!$K$7:$K$138,"Transport"),2) | J28: =ROUND($E28*F28,2) | K28: =ROUND($E28*G28,2) | L28: =ROUND($E28*H28,2) | M28: =ROUND($E28*I28,2) | N28: =SUM(J28:M28)
A29: 16 | B29: ACS004 | C29: Montaj folie anticondens 120 g/mp | D29: mp | E29: 600 | F29: =ROUND(SUMIFS(Analiza!$J$7:$J$138,Analiza!$A$7:$A$138,$A29,Analiza!$K$7:$K$138,"Material"),2) | G29: =ROUND(SUMIFS(Analiza!$J$7:$J$138,Analiza!$A$7:$A$138,$A29,Analiza!$K$7:$K$138,"Manopera"),2) | H29: =ROUND(SUMIFS(Analiza!$J$7:$J$138,Analiza!$A$7:$A$138,$A29,Analiza!$K$7:$K$138,"Utilaj"),2) | I29: =ROUND(SUMIFS(Analiza!$J$7:$J$138,Analiza!$A$7:$A$138,$A29,Analiza!$K$7:$K$138,"Transport"),2) | J29: =ROUND($E29*F29,2) | K29: =ROUND($E29*G29,2) | L29: =ROUND($E29*H29,2) | M29: =ROUND($E29*I29,2) | N29: =SUM(J29:M29)
A30: 17 | B30: ACS005 | C30: Montaj țiglă ceramică inclusiv accesorii de fixare | D30: mp | E30: 600 | F30: =ROUND(SUMIFS(Analiza!$J$7:$J$138,Analiza!$A$7:$A$138,$A30,Analiza!$K$7:$K$138,"Material"),2) | G30: =ROUND(SUMIFS(Analiza!$J$7:$J$138,Analiza!$A$7:$A$138,$A30,Analiza!$K$7:$K$138,"Manopera"),2) | H30: =ROUND(SUMIFS(Analiza!$J$7:$J$138,Analiza!$A$7:$A$138,$A30,Analiza!$K$7:$K$138,"Utilaj"),2) | I30: =ROUND(SUMIFS(Analiza!$J$7:$J$138,Analiza!$A$7:$A$138,$A30,Analiza!$K$7:$K$138,"Transport"),2) | J30: =ROUND($E30*F30,2) | K30: =ROUND($E30*G30,2) | L30: =ROUND($E30*H30,2) | M30: =ROUND($E30*I30,2) | N30: =SUM(J30:M30)
A31: 18 | B31: ACS006 | C31: Montaj coamă ventilată din țiglă ceramică | D31: ml | E31: 92.18 | F31: =ROUND(SUMIFS(Analiza!$J$7:$J$138,Analiza!$A$7:$A$138,$A31,Analiza!$K$7:$K$138,"Material"),2) | G31: =ROUND(SUMIFS(Analiza!$J$7:$J$138,Analiza!$A$7:$A$138,$A31,Analiza!$K$7:$K$138,"Manopera"),2) | H31: =ROUND(SUMIFS(Analiza!$J$7:$J$138,Analiza!$A$7:$A$138,$A31,Analiza!$K$7:$K$138,"Utilaj"),2) | I31: =ROUND(SUMIFS(Analiza!$J$7:$J$138,Analiza!$A$7:$A$138,$A31,Analiza!$K$7:$K$138,"Transport"),2) | J31: =ROUND($E31*F31,2) | K31: =ROUND($E31*G31,2) | L31: =ROUND($E31*H31,2) | M31: =ROUND($E31*I31,2) | N31: =SUM(J31:M31)
A32: 19 | B32: ACS007 | C32: Montaj dolie din tablă prevopsită | D32: ml | E32: 26.63 | F32: =ROUND(SUMIFS(Analiza!$J$7:$J$138,Analiza!$A$7:$A$138,$A32,Analiza!$K$7:$K$138,"Material"),2) | G32: =ROUND(SUMIFS(Analiza!$J$7:$J$138,Analiza!$A$7:$A$138,$A32,Analiza!$K$7:$K$138,"Manopera"),2) | H32: =ROUND(SUMIFS(Analiza!$J$7:$J$138,Analiza!$A$7:$A$138,$A32,Analiza!$K$7:$K$138,"Utilaj"),2) | I32: =ROUND(SUMIFS(Analiza!$J$7:$J$138,Analiza!$A$7:$A$138,$A32,Analiza!$K$7:$K$138,"Transport"),2) | J32: =ROUND($E32*F32,2) | K32: =ROUND($E32*G32,2) | L32: =ROUND($E32*H32,2) | M32: =ROUND($E32*I32,2) | N32: =SUM(J32:M32)
A33: 20 | B33: ACS008 | C33: Montaj șorț streașină din tablă prevopsită | D33: ml | E33: 110 | F33: =ROUND(SUMIFS(Analiza!$J$7:$J$138,Analiza!$A$7:$A$138,$A33,Analiza!$K$7:$K$138,"Material"),2) | G33: =ROUND(SUMIFS(Analiza!$J$7:$J$138,Analiza!$A$7:$A$138,$A33,Analiza!$K$7:$K$138,"Manopera"),2) | H33: =ROUND(SUMIFS(Analiza!$J$7:$J$138,Analiza!$A$7:$A$138,$A33,Analiza!$K$7:$K$138,"Utilaj"),2) | I33: =ROUND(SUMIFS(Analiza!$J$7:$J$138,Analiza!$A$7:$A$138,$A33,Analiza!$K$7:$K$138,"Transport"),2) | J33: =ROUND($E33*F33,2) | K33: =ROUND($E33*G33,2) | L33: =ROUND($E33*H33,2) | M33: =ROUND($E33*I33,2) | N33: =SUM(J33:M33)
A34: 21 | B34: ACS009 | C34: Montaj șorț fronton din tablă prevopsită | D34: ml | E34: 9.8 | F34: =ROUND(SUMIFS(Analiza!$J$7:$J$138,Analiza!$A$7:$A$138,$A34,Analiza!$K$7:$K$138,"Material"),2) | G34: =ROUND(SUMIFS(Analiza!$J$7:$J$138,Analiza!$A$7:$A$138,$A34,Analiza!$K$7:$K$138,"Manopera"),2) | H34: =ROUND(SUMIFS(Analiza!$J$7:$J$138,Analiza!$A$7:$A$138,$A34,Analiza!$K$7:$K$138,"Utilaj"),2) | I34: =ROUND(SUMIFS(Analiza!$J$7:$J$138,Analiza!$A$7:$A$138,$A34,Analiza!$K$7:$K$138,"Transport"),2) | J34: =ROUND($E34*F34,2) | K34: =ROUND($E34*G34,2) | L34: =ROUND($E34*H34,2) | M34: =ROUND($E34*I34,2) | N34: =SUM(J34:M34)
A35: 22 | B35: ACS010 | C35: Montaj opritori de zăpadă pentru țigla ceramică | D35: ml | E35: 70 | F35: =ROUND(SUMIFS(Analiza!$J$7:$J$138,Analiza!$A$7:$A$138,$A35,Analiza!$K$7:$K$138,"Material"),2) | G35: =ROUND(SUMIFS(Analiza!$J$7:$J$138,Analiza!$A$7:$A$138,$A35,Analiza!$K$7:$K$138,"Manopera"),2) | H35: =ROUND(SUMIFS(Analiza!$J$7:$J$138,Analiza!$A$7:$A$138,$A35,Analiza!$K$7:$K$138,"Utilaj"),2) | I35: =ROUND(SUMIFS(Analiza!$J$7:$J$138,Analiza!$A$7:$A$138,$A35,Analiza!$K$7:$K$138,"Transport"),2) | J35: =ROUND($E35*F35,2) | K35: =ROUND($E35*G35,2) | L35: =ROUND($E35*H35,2) | M35: =ROUND($E35*I35,2) | N35: =SUM(J35:M35)
A36: 23 | B36: ACS012 | C36: Montaj șorț de racord la perete (lucarne) | D36: ml | E36: 25.4 | F36: =ROUND(SUMIFS(Analiza!$J$7:$J$138,Analiza!$A$7:$A$138,$A36,Analiza!$K$7:$K$138,"Material"),2) | G36: =ROUND(SUMIFS(Analiza!$J$7:$J$138,Analiza!$A$7:$A$138,$A36,Analiza!$K$7:$K$138,"Manopera"),2) | H36: =ROUND(SUMIFS(Analiza!$J$7:$J$138,Analiza!$A$7:$A$138,$A36,Analiza!$K$7:$K$138,"Utilaj"),2) | I36: =ROUND(SUMIFS(Analiza!$J$7:$J$138,Analiza!$A$7:$A$138,$A36,Analiza!$K$7:$K$138,"Transport"),2) | J36: =ROUND($E36*F36,2) | K36: =ROUND($E36*G36,2) | L36: =ROUND($E36*H36,2) | M36: =ROUND($E36*I36,2) | N36: =SUM(J36:M36)
C37: Total 04 Înlocuire învelitoare | J37: =SUM(J27:J36) | K37: =SUM(K27:K36) | L37: =SUM(L27:L36) | M37: =SUM(M27:M36) | N37: =SUM(N27:N36)
C39: 05 Montaj intrados streașină, pazii din lemn
A40: 24 | B40: ACS001 | C40: Montaj lambriu lemn – larice termotratat, clasa A | D40: mp | E40: 155 | F40: =ROUND(SUMIFS(Analiza!$J$7:$J$138,Analiza!$A$7:$A$138,$A40,Analiza!$K$7:$K$138,"Material"),2) | G40: =ROUND(SUMIFS(Analiza!$J$7:$J$138,Analiza!$A$7:$A$138,$A40,Analiza!$K$7:$K$138,"Manopera"),2) | H40: =ROUND(SUMIFS(Analiza!$J$7:$J$138,Analiza!$A$7:$A$138,$A40,Analiza!$K$7:$K$138,"Utilaj"),2) | I40: =ROUND(SUMIFS(Analiza!$J$7:$J$138,Analiza!$A$7:$A$138,$A40,Analiza!$K$7:$K$138,"Transport"),2) | J40: =ROUND($E40*F40,2) | K40: =ROUND($E40*G40,2) | L40: =ROUND($E40*H40,2) | M40: =ROUND($E40*I40,2) | N40: =SUM(J40:M40)
A41: 25 | B41: ACS003 | C41: Montaj pazie lemn – larice termotratat, clasa A | D41: ml | E41: 105 | F41: =ROUND(SUMIFS(Analiza!$J$7:$J$138,Analiza!$A$7:$A$138,$A41,Analiza!$K$7:$K$138,"Material"),2) | G41: =ROUND(SUMIFS(Analiza!$J$7:$J$138,Analiza!$A$7:$A$138,$A41,Analiza!$K$7:$K$138,"Manopera"),2) | H41: =ROUND(SUMIFS(Analiza!$J$7:$J$138,Analiza!$A$7:$A$138,$A41,Analiza!$K$7:$K$138,"Utilaj"),2) | I41: =ROUND(SUMIFS(Analiza!$J$7:$J$138,Analiza!$A$7:$A$138,$A41,Analiza!$K$7:$K$138,"Transport"),2) | J41: =ROUND($E41*F41,2) | K41: =ROUND($E41*G41,2) | L41: =ROUND($E41*H41,2) | M41: =ROUND($E41*I41,2) | N41: =SUM(J41:M41)
C42: Total 05 Montaj intrados streașină, pazii din lemn | J42: =SUM(J40:J41) | K42: =SUM(K40:K41) | L42: =SUM(L40:L41) | M42: =SUM(M40:M41) | N42: =SUM(N40:N41)
C44: 06 Lucrări la instalații electrice și de protecție la trăsnet
A45: 26 | B45: ACS012 | C45: Refacere instalație paratrăsnet acoperiș | D45: LS | E45: 1 | F45: =ROUND(SUMIFS(Analiza!$J$7:$J$138,Analiza!$A$7:$A$138,$A45,Analiza!$K$7:$K$138,"Material"),2) | G45: =ROUND(SUMIFS(Analiza!$J$7:$J$138,Analiza!$A$7:$A$138,$A45,Analiza!$K$7:$K$138,"Manopera"),2) | H45: =ROUND(SUMIFS(Analiza!$J$7:$J$138,Analiza!$A$7:$A$138,$A45,Analiza!$K$7:$K$138,"Utilaj"),2) | I45: =ROUND(SUMIFS(Analiza!$J$7:$J$138,Analiza!$A$7:$A$138,$A45,Analiza!$K$7:$K$138,"Transport"),2) | J45: =ROUND($E45*F45,2) | K45: =ROUND($E45*G45,2) | L45: =ROUND($E45*H45,2) | M45: =ROUND($E45*I45,2) | N45: =SUM(J45:M45)
A46: 27 | B46: ACS013 | C46: Repoziționare firidă electrică și adaptare suport | D46: buc | E46: 1 | F46: =ROUND(SUMIFS(Analiza!$J$7:$J$138,Analiza!$A$7:$A$138,$A46,Analiza!$K$7:$K$138,"Material"),2) | G46: =ROUND(SUMIFS(Analiza!$J$7:$J$138,Analiza!$A$7:$A$138,$A46,Analiza!$K$7:$K$138,"Manopera"),2) | H46: =ROUND(SUMIFS(Analiza!$J$7:$J$138,Analiza!$A$7:$A$138,$A46,Analiza!$K$7:$K$138,"Utilaj"),2) | I46: =ROUND(SUMIFS(Analiza!$J$7:$J$138,Analiza!$A$7:$A$138,$A46,Analiza!$K$7:$K$138,"Transport"),2) | J46: =ROUND($E46*F46,2) | K46: =ROUND($E46*G46,2) | L46: =ROUND($E46*H46,2) | M46: =ROUND($E46*I46,2) | N46: =SUM(J46:M46)
C47: Total 06 Lucrări la instalații electrice și de protecție la trăsnet | J47: =SUM(J45:J46) | K47: =SUM(K45:K46) | L47: =SUM(L45:L46) | M47: =SUM(M45:M46) | N47: =SUM(N45:N46)
C49: 07 Tinichigerie și pluvial
A50: 28 | B50: TIN001 | C50: Montaj jgheab 125 mm RAL 8019 | D50: ml | E50: 116.01 | F50: =ROUND(SUMIFS(Analiza!$J$7:$J$138,Analiza!$A$7:$A$138,$A50,Analiza!$K$7:$K$138,"Material"),2) | G50: =ROUND(SUMIFS(Analiza!$J$7:$J$138,Analiza!$A$7:$A$138,$A50,Analiza!$K$7:$K$138,"Manopera"),2) | H50: =ROUND(SUMIFS(Analiza!$J$7:$J$138,Analiza!$A$7:$A$138,$A50,Analiza!$K$7:$K$138,"Utilaj"),2) | I50: =ROUND(SUMIFS(Analiza!$J$7:$J$138,Analiza!$A$7:$A$138,$A50,Analiza!$K$7:$K$138,"Transport"),2) | J50: =ROUND($E50*F50,2) | K50: =ROUND($E50*G50,2) | L50: =ROUND($E50*H50,2) | M50: =ROUND($E50*I50,2) | N50: =SUM(J50:M50)
A51: 29 | B51: TIN002 | C51: Montaj burlan 90 mm / 3 m | D51: ml | E51: 60 | F51: =ROUND(SUMIFS(Analiza!$J$7:$J$138,Analiza!$A$7:$A$138,$A51,Analiza!$K$7:$K$138,"Material"),2) | G51: =ROUND(SUMIFS(Analiza!$J$7:$J$138,Analiza!$A$7:$A$138,$A51,Analiza!$K$7:$K$138,"Manopera"),2) | H51: =ROUND(SUMIFS(Analiza!$J$7:$J$138,Analiza!$A$7:$A$138,$A51,Analiza!$K$7:$K$138,"Utilaj"),2) | I51: =ROUND(SUMIFS(Analiza!$J$7:$J$138,Analiza!$A$7:$A$138,$A51,Analiza!$K$7:$K$138,"Transport"),2) | J51: =ROUND($E51*F51,2) | K51: =ROUND($E51*G51,2) | L51: =ROUND($E51*H51,2) | M51: =ROUND($E51*I51,2) | N51: =SUM(J51:M51)
A52: 30 | B52: TIN003 | C52: Montaj colț exterior jgheab 90 grade 125 | D52: buc | E52: 5 | F52: =ROUND(SUMIFS(Analiza!$J$7:$J$138,Analiza!$A$7:$A$138,$A52,Analiza!$K$7:$K$138,"Material"),2) | G52: =ROUND(SUMIFS(Analiza!$J$7:$J$138,Analiza!$A$7:$A$138,$A52,Analiza!$K$7:$K$138,"Manopera"),2) | H52: =ROUND(SUMIFS(Analiza!$J$7:$J$138,Analiza!$A$7:$A$138,$A52,Analiza!$K$7:$K$138,"Utilaj"),2) | I52: =ROUND(SUMIFS(Analiza!$J$7:$J$138,Analiza!$A$7:$A$138,$A52,Analiza!$K$7:$K$138,"Transport"),2) | J52: =ROUND($E52*F52,2) | K52: =ROUND($E52*G52,2) | L52: =ROUND($E52*H52,2) | M52: =ROUND($E52*I52,2) | N52: =SUM(J52:M52)
A53: 31 | B53: TIN004 | C53: Montaj racord jgheab-burlan 125/90 | D53: buc | E53: 12 | F53: =ROUND(SUMIFS(Analiza!$J$7:$J$138,Analiza!$A$7:$A$138,$A53,Analiza!$K$7:$K$138,"Material"),2) | G53: =ROUND(SUMIFS(Analiza!$J$7:$J$138,Analiza!$A$7:$A$138,$A53,Analiza!$K$7:$K$138,"Manopera"),2) | H53: =ROUND(SUMIFS(Analiza!$J$7:$J$138,Analiza!$A$7:$A$138,$A53,Analiza!$K$7:$K$138,"Utilaj"),2) | I53: =ROUND(SUMIFS(Analiza!$J$7:$J$138,Analiza!$A$7:$A$138,$A53,Analiza!$K$7:$K$138,"Transport"),2) | J53: =ROUND($E53*F53,2) | K53: =ROUND($E53*G53,2) | L53: =ROUND($E53*H53,2) | M53: =ROUND($E53*I53,2) | N53: =SUM(J53:M53)
A54: 32 | B54: TIN005 | C54: Montaj prelungitor intermediar burlan 90 (lungime produs 1 m / 1,2 m) | D54: buc | E54: 12 | F54: =ROUND(SUMIFS(Analiza!$J$7:$J$138,Analiza!$A$7:$A$138,$A54,Analiza!$K$7:$K$138,"Material"),2) | G54: =ROUND(SUMIFS(Analiza!$J$7:$J$138,Analiza!$A$7:$A$138,$A54,Analiza!$K$7:$K$138,"Manopera"),2) | H54: =ROUND(SUMIFS(Analiza!$J$7:$J$138,Analiza!$A$7:$A$138,$A54,Analiza!$K$7:$K$138,"Utilaj"),2) | I54: =ROUND(SUMIFS(Analiza!$J$7:$J$138,Analiza!$A$7:$A$138,$A54,Analiza!$K$7:$K$138,"Transport"),2) | J54: =ROUND($E54*F54,2) | K54: =ROUND($E54*G54,2) | L54: =ROUND($E54*H54,2) | M54: =ROUND($E54*I54,2) | N54: =SUM(J54:M54)
A55: 33 | B55: TIN006 | C55: Montaj coturi burlan 60 grade | D55: buc | E55: 24 | F55: =ROUND(SUMIFS(Analiza!$J$7:$J$138,Analiza!$A$7:$A$138,$A55,Analiza!$K$7:$K$138,"Material"),2) | G55: =ROUND(SUMIFS(Analiza!$J$7:$J$138,Analiza!$A$7:$A$138,$A55,Analiza!$K$7:$K$138,"Manopera"),2) | H55: =ROUND(SUMIFS(Analiza!$J$7:$J$138,Analiza!$A$7:$A$138,$A55,Analiza!$K$7:$K$138,"Utilaj"),2) | I55: =ROUND(SUMIFS(Analiza!$J$7:$J$138,Analiza!$A$7:$A$138,$A55,Analiza!$K$7:$K$138,"Transport"),2) | J55: =ROUND($E55*F55,2) | K55: =ROUND($E55*G55,2) | L55: =ROUND($E55*H55,2) | M55: =ROUND($E55*I55,2) | N55: =SUM(J55:M55)
A56: 34 | B56: TIN007 | C56: Montaj cot evacuare burlan | D56: buc | E56: 12 | F56: =ROUND(SUMIFS(Analiza!$J$7:$J$138,Analiza!$A$7:$A$138,$A56,Analiza!$K$7:$K$138,"Material"),2) | G56: =ROUND(SUMIFS(Analiza!$J$7:$J$138,Analiza!$A$7:$A$138,$A56,Analiza!$K$7:$K$138,"Manopera"),2) | H56: =ROUND(SUMIFS(Analiza!$J$7:$J$138,Analiza!$A$7:$A$138,$A56,Analiza!$K$7:$K$138,"Utilaj"),2) | I56: =ROUND(SUMIFS(Analiza!$J$7:$J$138,Analiza!$A$7:$A$138,$A56,Analiza!$K$7:$K$138,"Transport"),2) | J56: =ROUND($E56*F56,2) | K56: =ROUND($E56*G56,2) | L56: =ROUND($E56*H56,2) | M56: =ROUND($E56*I56,2) | N56: =SUM(J56:M56)
A57: 35 | B57: TIN008 | C57: Montaj coliere burlan 90 | D57: buc | E57: 24 | F57: =ROUND(SUMIFS(Analiza!$J$7:$J$138,Analiza!$A$7:$A$138,$A57,Analiza!$K$7:$K$138,"Material"),2) | G57: =ROUND(SUMIFS(Analiza!$J$7:$J$138,Analiza!$A$7:$A$138,$A57,Analiza!$K$7:$K$138,"Manopera"),2) | H57: =ROUND(SUMIFS(Analiza!$J$7:$J$138,Analiza!$A$7:$A$138,$A57,Analiza!$K$7:$K$138,"Utilaj"),2) | I57: =ROUND(SUMIFS(Analiza!$J$7:$J$138,Analiza!$A$7:$A$138,$A57,Analiza!$K$7:$K$138,"Transport"),2) | J57: =ROUND($E57*F57,2) | K57: =ROUND($E57*G57,2) | L57: =ROUND($E57*H57,2) | M57: =ROUND($E57*I57,2) | N57: =SUM(J57:M57)
A58: 36 | B58: TIN009 | C58: Descărcare ape pluviale liber la sol | D58: buc | E58: 12 | F58: =ROUND(SUMIFS(Analiza!$J$7:$J$138,Analiza!$A$7:$A$138,$A58,Analiza!$K$7:$K$138,"Material"),2) | G58: =ROUND(SUMIFS(Analiza!$J$7:$J$138,Analiza!$A$7:$A$138,$A58,Analiza!$K$7:$K$138,"Manopera"),2) | H58: =ROUND(SUMIFS(Analiza!$J$7:$J$138,Analiza!$A$7:$A$138,$A58,Analiza!$K$7:$K$138,"Utilaj"),2) | I58: =ROUND(SUMIFS(Analiza!$J$7:$J$138,Analiza!$A$7:$A$138,$A58,Analiza!$K$7:$K$138,"Transport"),2) | J58: =ROUND($E58*F58,2) | K58: =ROUND($E58*G58,2) | L58: =ROUND($E58*H58,2) | M58: =ROUND($E58*I58,2) | N58: =SUM(J58:M58)
C59: Total 07 Tinichigerie și pluvial | J59: =SUM(J50:J58) | K59: =SUM(K50:K58) | L59: =SUM(L50:L58) | M59: =SUM(M50:M58) | N59: =SUM(N50:N58)
C61: 08 Coșuri de fum
A62: 37 | B62: COS000 | C62: Reparații și curățare exterioară coșuri de fum existente | D62: mp | E62: 31.9 | F62: =ROUND(SUMIFS(Analiza!$J$7:$J$138,Analiza!$A$7:$A$138,$A62,Analiza!$K$7:$K$138,"Material"),2) | G62: =ROUND(SUMIFS(Analiza!$J$7:$J$138,Analiza!$A$7:$A$138,$A62,Analiza!$K$7:$K$138,"Manopera"),2) | H62: =ROUND(SUMIFS(Analiza!$J$7:$J$138,Analiza!$A$7:$A$138,$A62,Analiza!$K$7:$K$138,"Utilaj"),2) | I62: =ROUND(SUMIFS(Analiza!$J$7:$J$138,Analiza!$A$7:$A$138,$A62,Analiza!$K$7:$K$138,"Transport"),2) | J62: =ROUND($E62*F62,2) | K62: =ROUND($E62*G62,2) | L62: =ROUND($E62*H62,2) | M62: =ROUND($E62*I62,2) | N62: =SUM(J62:M62)
A63: 38 | B63: COS001 | C63: Conservare finisaj original coș fum, refacere rosturi și hidrofobizare | D63: mp | E63: 31.9 | F63: =ROUND(SUMIFS(Analiza!$J$7:$J$138,Analiza!$A$7:$A$138,$A63,Analiza!$K$7:$K$138,"Material"),2) | G63: =ROUND(SUMIFS(Analiza!$J$7:$J$138,Analiza!$A$7:$A$138,$A63,Analiza!$K$7:$K$138,"Manopera"),2) | H63: =ROUND(SUMIFS(Analiza!$J$7:$J$138,Analiza!$A$7:$A$138,$A63,Analiza!$K$7:$K$138,"Utilaj"),2) | I63: =ROUND(SUMIFS(Analiza!$J$7:$J$138,Analiza!$A$7:$A$138,$A63,Analiza!$K$7:$K$138,"Transport"),2) | J63: =ROUND($E63*F63,2) | K63: =ROUND($E63*G63,2) | L63: =ROUND($E63*H63,2) | M63: =ROUND($E63*I63,2) | N63: =SUM(J63:M63)
A64: 39 | B64: COS002 | C64: Montaj tubulatură coș fum inox | D64: buc | E64: 4 | F64: =ROUND(SUMIFS(Analiza!$J$7:$J$138,Analiza!$A$7:$A$138,$A64,Analiza!$K$7:$K$138,"Material"),2) | G64: =ROUND(SUMIFS(Analiza!$J$7:$J$138,Analiza!$A$7:$A$138,$A64,Analiza!$K$7:$K$138,"Manopera"),2) | H64: =ROUND(SUMIFS(Analiza!$J$7:$J$138,Analiza!$A$7:$A$138,$A64,Analiza!$K$7:$K$138,"Utilaj"),2) | I64: =ROUND(SUMIFS(Analiza!$J$7:$J$138,Analiza!$A$7:$A$138,$A64,Analiza!$K$7:$K$138,"Transport"),2) | J64: =ROUND($E64*F64,2) | K64: =ROUND($E64*G64,2) | L64: =ROUND($E64*H64,2) | M64: =ROUND($E64*I64,2) | N64: =SUM(J64:M64)
A65: 40 | B65: COS003 | C65: Confecționare coronament coș din tablă 0,50 mm RAL 7016, ieșire 40 cm față de coș | D65: buc | E65: 4 | F65: =ROUND(SUMIFS(Analiza!$J$7:$J$138,Analiza!$A$7:$A$138,$A65,Analiza!$K$7:$K$138,"Material"),2) | G65: =ROUND(SUMIFS(Analiza!$J$7:$J$138,Analiza!$A$7:$A$138,$A65,Analiza!$K$7:$K$138,"Manopera"),2) | H65: =ROUND(SUMIFS(Analiza!$J$7:$J$138,Analiza!$A$7:$A$138,$A65,Analiza!$K$7:$K$138,"Utilaj"),2) | I65: =ROUND(SUMIFS(Analiza!$J$7:$J$138,Analiza!$A$7:$A$138,$A65,Analiza!$K$7:$K$138,"Transport"),2) | J65: =ROUND($E65*F65,2) | K65: =ROUND($E65*G65,2) | L65: =ROUND($E65*H65,2) | M65: =ROUND($E65*I65,2) | N65: =SUM(J65:M65)
A66: 41 | B66: COS004 | C66: Montaj șorțuri coș – set complet față, laterale, spate | D66: buc | E66: 4 | F66: =ROUND(SUMIFS(Analiza!$J$7:$J$138,Analiza!$A$7:$A$138,$A66,Analiza!$K$7:$K$138,"Material"),2) | G66: =ROUND(SUMIFS(Analiza!$J$7:$J$138,Analiza!$A$7:$A$138,$A66,Analiza!$K$7:$K$138,"Manopera"),2) | H66: =ROUND(SUMIFS(Analiza!$J$7:$J$138,Analiza!$A$7:$A$138,$A66,Analiza!$K$7:$K$138,"Utilaj"),2) | I66: =ROUND(SUMIFS(Analiza!$J$7:$J$138,Analiza!$A$7:$A$138,$A66,Analiza!$K$7:$K$138,"Transport"),2) | J66: =ROUND($E66*F66,2) | K66: =ROUND($E66*G66,2) | L66: =ROUND($E66*H66,2) | M66: =ROUND($E66*I66,2) | N66: =SUM(J66:M66)
C67: Total 08 Coșuri de fum | J67: =SUM(J62:J66) | K67: =SUM(K62:K66) | L67: =SUM(L62:L66) | M67: =SUM(M62:M66) | N67: =SUM(N62:N66)
C69: Total cheltuieli directe din articole | J69: =J17+J24+J37+J42+J47+J59+J67 | K69: =K17+K24+K37+K42+K47+K59+K67 | L69: =L17+L24+L37+L42+L47+L59+L67 | M69: =M17+M24+M37+M42+M47+M59+M67 | N69: =N17+N24+N37+N42+N47+N59+N67
C70: Contribuție asiguratorie pentru muncă (CAM, % din manoperă) | E70: 0.0225 | K70: =ROUND(K69*E70,2) | N70: =K70
C71: Total cheltuieli directe (inclusiv CAM) | N71: =N69+N70
C72: Cheltuieli indirecte (% din cheltuieli directe) | E72: 0.05 | N72: =ROUND(N71*E72,2)
C73: Profit (% din cheltuieli directe + indirecte) | E73: 0.12 | N73: =ROUND((N71+N72)*E73,2)
C74: TOTAL GENERAL (fără TVA) – se trece în formularul de ofertă | N74: =ROUND(N71+N72+N73,2)
C75: TVA | E75: 0.21 | N75: =ROUND(N74*E75,2)
C76: TOTAL GENERAL cu TVA | N76: =N74+N75
C78: Valoarea estimată de autoritatea contractantă (fără TVA) | N78: 252389.69
C79: Încadrare în valoarea estimată | N79: =IF(N74<=N78,"DA – "&TEXT(N74/N78,"0,0%")&" din valoarea estimată","NU – depășește valoarea estimată")
C81: Notă: Sursa: F3 din documentația de atribuire (Deviz nr. 8076/1/22.07.2026, devizele 02–08). F3-ul original are și resursele pe fiecare articol (material, manoperă, utilaj, transport); C6–C9 se completează din aceleași liste. Culorile din F3 (jgheab RAL 8019, șorț streașină RAL 8017, coronament RAL 7016) diferă de caietul de sarcini (roșu cupru) – de clarificat.
C83: OFERTANT,
C84: BILZI STEEL PROFILE S.R.L.
C85: Șerban Marius – administrator
C86: Semnătura și ștampila

Sheet Resurse
A1: Prețuri resurse (fără TVA)
A2: Obiectiv: Înlocuire acoperiș clădire Parc Dofteana – DSBC 2026 II – Beneficiar: Direcția Silvică Bacău
A3: Ofertant: BILZI STEEL PROFILE S.R.L., CUI 39666285, J10/757/2018, Buzău
A4: Valori în lei, fără TVA
A6: Cod | B6: Denumire resursă | C6: UM | D6: Categorie | E6: Preț unitar (lei) | F6: Sursa prețului
A7: M01 | B7: Cherestea rășinoase (grinzi, căpriori) pentru reparații | C7: mc | D7: Material | E7: 1500 | F7: Estimare (Onești) – de verificat
A8: M02 | B8: Scândură rășinoase 25 mm pentru astereală, tratată | C8: mc | D8: Material | E8: 990 | F8: Depozite cherestea Chitila 02.10.2026: 1.150–1.200 lei/mc (presupus cu TVA) → ~990 lei/mc fără TVA
A9: M03 | B9: Șipci 50×50 și contrașipci 30×50 rășinoase, tratate | C9: mc | D9: Material | E9: 1150 | F9: Depozite cherestea 02.10.2026: șipcă 50×50 2,69–3,10 lei/ml, contrașipcă 1,03–1,55 lei/ml → ~1.150 lei/mc
A10: M04 | B10: Scoabe, cuie și buloane pentru șarpantă | C10: kg | D10: Material | E10: 11 | F10: Estimare (Onești) – de verificat
A11: M05 | B11: Cuie pentru astereală / șipci | C11: kg | D11: Material | E11: 9 | F11: Estimare (Onești) – de verificat
A12: M06 | B12: Soluție fungicidă / insecticidă pentru lemn | C12: l | D12: Material | E12: 14 | F12: Estimare – de verificat
A13: M08 | B13: Folie anticondens min. 120 g/mp | C13: mp | D13: Material | E13: 4.18 | F13: Listă Bilka / Dedeman 02.10.2026: folie anticondens 120–150 g/mp, rolă 75 mp
A14: M09 | B14: Șuruburi autoforante cu garnitură / nituri | C14: buc | D14: Material | E14: 0.25 | F14: Estimare (Onești) – de verificat
A15: M10 | B15: Țiglă ceramică Creaton Balance / Melodie angobată roșu cupru (sau echivalent), inclusiv piese | C15: mp | D15: Material | E15: 66 | F15: Dedeman 02.10.2026: Creaton Balance roșu cupru angoba 7,21 lei/buc fără TVA × 8,7 buc/mp = 62,70 lei/mp + 5% piese speciale
A16: M11 | B16: Cleme de prindere țiglă ceramică | C16: buc | D16: Material | E16: 0.9 | F16: Estimare – de verificat
A17: M12 | B17: Coamă ceramică Creaton (2,5 buc/ml) | C17: ml | D17: Material | E17: 102.15 | F17: Dedeman 02.10.2026: coamă ceramică Creaton PF roșu angoba 40,86 lei/buc × 2,5 buc/ml
A18: M13 | B18: Bandă de coamă ventilată și suport de șipcă coamă | C18: ml | D18: Material | E18: 27.95 | F18: Dedeman 02.10.2026: bandă coamă ventilată Bramac UniRoll 25,95 lei/ml + suport șipcă coamă
... A62: T02 | B62: Container moloz 7 mc (închiriere, transport și eliminare) | C62: buc | D62: Transport | E62: 1800 | F62: Reciclero 2.281 lei (7 zile, cu tratarea deșeurilor) / Moloz24 de la 400 lei – medie rotunjită

Sheet Analiza
A1: Analiza de preț pe articole – consumuri de resurse pe unitatea de măsură a articolului
A2: Obiectiv: Înlocuire acoperiș clădire Parc Dofteana – DSBC 2026 II – Beneficiar: Direcția Silvică Bacău
A3: Ofertant: BILZI STEEL PROFILE S.R.L., CUI 39666285, J10/757/2018, Buzău
A4: Valori în lei, fără TVA
A6: Nr. art. | B6: Articol | C6: Cod resursă | D6: Resursă | E6: UM | F6: Consum / UM articol | G6: Cantitate articol | H6: Consum total | I6: Preț unitar resursă (lei) | J6: Valoare / UM articol | K6: Categorie | L6: Observații
A7: =F3!A8 | B7: =F3!C8 | C7: O02 | D7: =Resurse!B53 | E7: =Resurse!C53 | F7: 0.08329 | G7: =F3!E8 | H7: =F7*G7 | I7: =Resurse!E53 | J7: =F7*I7 | K7: =Resurse!D53
A8: =F3!A8 | B8: =F3!C8 | C8: O03 | D8: =Resurse!B54 | E8: =Resurse!C54 | F8: 0.22437 | G8: =F3!E8 | H8: =F8*G8 | I8: =Resurse!E54 | J8: =F8*I8 | K8: =Resurse!D54
A9: =F3!A9 | B9: =F3!C9 | C9: O02 | D9: =Resurse!B53 | E9: =Resurse!C53 | F9: 0.04997 | G9: =F3!E9 | H9: =F9*G9 | I9: =Resurse!E53 | J9: =F9*I9 | K9: =Resurse!D53
A10: =F3!A9 | B10: =F3!C9 | C10: O03 | D10: =Resurse!B54 | E10: =Resurse!C54 | F10: 0.06411 | G10: =F3!E9 | H10: =F10*G10 | I10: =Resurse!E54 | J10: =F10*I10 | K10: =Resurse!D54
A11: =F3!A10 | B11: =F3!C10 | C11: O05 | D11: =Resurse!B56 | E11: =Resurse!C56 | F11: 3.31034 | G11: =F3!E10 | H11: =F11*G11 | I11: =Resurse!E56 | J11: =F11*I11 | K11: =Resurse!D56
A12: =F3!A10 | B12: =F3!C10 | C12: O03 | D12: =Resurse!B54 | E12: =Resurse!C54 | F12: 3.84638 | G12: =F3!E10 | H12: =F12*G12 | I12: =Resurse!E54 | J12: =F12*I12 | K12: =Resurse!D54
A13: =F3!A11 | B13: =F3!C11 | C13: O02 | D13: =Resurse!B53 | E13: =Resurse!C53 | F13: 0.49971 | G13: =F3!E11 | H13: =F13*G13 | I13: =Resurse!E53 | J13: =F13*I13 | K13: =Resurse!D53
A14: =F3!A11 | B14: =F3!C11 | C14: O03 | D14: =Resurse!B54 | E14: =Resurse!C54 | F14: 0.64106 | G14: =F3!E11 | H14: =F14*G14 | I14: =Resurse!E54 | J14: =F14*I14 | K14: =Resurse!D54
A15: =F3!A12 | B15: =F3!C12 | C15: O04 | D15: =Resurse!B55 | E15: =Resurse!C55 | F15: 0.16551 | G15: =F3!E12 | H15: =F15*G15 | I15: =Resurse!E55 | J15: =F15*I15 | K15: =Resurse!D55
A16: =F3!A12 | B16: =F3!C12 | C16: O03 | D16: =Resurse!B54 | E16: =Resurse!C54 | F16: 0.38464 | G16: =F3!E12 | H16: =F16*G16 | I16: =Resurse!E54 | J16: =F16*I16 | K16: =Resurse!D54
A17: =F3!A13 | B17: =F3!C13 | C17: O01 | D17: =Resurse!B52 | E17: =Resurse!C52 | F17: 0.09994 | G17: =F3!E13 | H17: =F17*G17 | I17: =Resurse!E52 | J17: =F17*I17 | K17: =Resurse!D52
A18: =F3!A13 | B18: =F3!C13 | C18: O03 | D18: =Resurse!B54 | E18: =Resurse!C54 | F18: 0.12821 | G18: =F3!E13 | H18: =F18*G18 | I18: =Resurse!E54 | J18: =F18*I18 | K18: =Resurse!D54
A19: =F3!A14 | B19: =F3!C14 | C19: O01 | D19: =Resurse!B52 | E19: =Resurse!C52 | F19: 0.08329 | G19: =F3!E14 | H19: =F19*G19 | I19: =Resurse!E52 | J19: =F19*I19 | K19: =Resurse!D52
A20: =F3!A14 | B20: =F3!C14 | C20: O03 | D20: =Resurse!B54 | E20: =Resurse!C54 | F20: 0.12821 | G20: =F3!E14 | H20: =F20*G20 | I20: =Resurse!E54 | J20: =F20*I20 | K20: =Resurse!D54
A21: =F3!A14 | B21: =F3!C14 | C21: T02 | D21: =Resurse!B62 | E21: =Resurse!C62 | F21: 0.0045 | G21: =F3!E14 | H21: =F21*G21 | I21: =Resurse!E62 | J21: =F21*I21 | K21: =Resurse!D62
A22: =F3!A15 | B22: =F3!C15 | C22: O05 | D22: =Resurse!B56 | E22: =Resurse!C56 | F22: 1.65517 | G22: =F3!E15 | H22: =F22*G22 | I22: =Resurse!E56 | J22: =F22*I22 | K22: =Resurse!D56
A23: =F3!A16 | B23: =F3!C16 | C23: O03 | D23: =Resurse!B54 | E23: =Resurse!C54 | F23: 1.0257 | G23: =F3!E16 | H23: =F23*G23 | I23: =Resurse!E54 | J23: =F23*I23 | K23: =Resurse!D54
A24: =F3!A20 | B24: =F3!C20 | C24: M01 | D24: =Resurse!B7 | E24: =Resurse!C7 | F24: 1.1 | G24: =F3!E20 | H24: =F24*G24 | I24: =Resurse!E7 | J24: =F24*I24 | K24: =Resurse!D7
A25: =F3!A20 | B25: =F3!C20 | C25: M04 | D25: =Resurse!B10 | E25: =Resurse!C10 | F25: 25 | G25: =F3!E20 | H25: =F25*G25 | I25: =Resurse!E10 | J25: =F25*I25 | K25: =Resurse!D10
A26: =F3!A20 | B26: =F3!C20 | C26: M50 | D26: =Resurse!B34 | E26: =Resurse!C34 | F26: 3 | G26: =F3!E20 | H26: =F26*G26 | I26: =Resurse!E34 | J26: =F26*I26 | K26: =Resurse!D34
A27: =F3!A20 | B27: =F3!C20 | C27: O01 | D27: =Resurse!B52 | E27: =Resurse!C52 | F27: 7.32913 | G27: =F3!E20 | H27: =F27*G27 | I27: =Resurse!E52 | J27: =F27*I27 | K27: =Resurse!D52
A28: =F3!A20 | B28: =F3!C20 | C28: O03 | D28: =Resurse!B54 | E28: =Resurse!C54 | F28: 3.84638 | G28: =F3!E20 | H28: =F28*G28 | I28: =Resurse!E54 | J28: =F28*I28 | K28: =Resurse!D54
A29: =F3!A20 | B29: =F3!C20 | C29: U01 | D29: =Resurse!B58 | E29: =Resurse!C58 | F29: 2 | G29: =F3!E20 | H29: =F29*G29 | I29: =Resurse!E58 | J29: =F29*I29 | K29: =Resurse!D58
A30: =F3!A21 | B30: =F3!C21 | C30: M01 | D30: =Resurse!B7 | E30: =Resurse!C7 | F30: 0.08 | G30: =F3!E21 | H30: =F30*G30 | I30: =Resurse!E7 | J30: =F30*I30 | K30: =Resurse!D7
A31: =F3!A21 | B31: =F3!C21 | C31: M04 | D31: =Resurse!B10 | E31: =Resurse!C10 | F31: 3 | G31: =F3!E21 | H31: =F31*G31 | I31: =Resurse!E10 | J31: =F31*I31 | K31: =Resurse!D10
A32: =F3!A21 | B32: =F3!C21 | C32: M50 | D32: =Resurse!B34 | E32: =Resurse!C34 | F32: 1 | G32: =F3!E21 | H32: =F32*G32 | I32: =Resurse!E34 | J32: =F32*I32 | K32: =Resurse!D34
A33: =F3!A21 | B33: =F3!C21 | C33: M51 | D33: =Resurse!B35 | E33: =Resurse!C35 | F33: 1 | G33: =F3!E21 | H33: =F33*G33 | I33: =Resurse!E35 | J33: =F33*I33 | K33: =Resurse!D35
A34: =F3!A21 | B34: =F3!C21 | C34: O01 | D34: =Resurse!B52 | E34: =Resurse!C52 | F34: 3.99771 | G34: =F3!E21 | H34: =F34*G34 | I34: =Resurse!E52 | J34: =F34*I34 | K34: =Resurse!D52
A35: =F3!A21 | B35: =F3!C21 | C35: O03 | D35: =Resurse!B54 | E35: =Resurse!C54 | F35: 1.92319 | G35: =F3!E21 | H35: =F35*G35 | I35: =Resurse!E54 | J35: =F35*I35 | K35: =Resurse!D54
A36: =F3!A21 | B36: =F3!C21 | C36: U01 | D36: =Resurse!B58 | E36: =Resurse!C58 | F36: 1 | G36: =F3!E21 | H36: =F36*G36 | I36: =Resurse!E58 | J36: =F36*I36 | K36: =Resurse!D58
A37: =F3!A22 | B37: =F3!C22 | C37: U03 | D37: =Resurse!B60 | E37: =Resurse!C60 | F37: 0.18 | G37: =F3!E22 | H37: =F37*G37 | I37: =Resurse!E60 | J37: =F37*I37 | K37: =Resurse!D60
A38: =F3!A22 | B38: =F3!C22 | C38: O07 | D38: =Resurse!B57 | E38: =Resurse!C57 | F38: 0.236 | G38: =F3!E22 | H38: =F38*G38 | I38: =Resurse!E57 | J38: =F38*I38 | K38: =Resurse!D57
A39: =F3!A22 | B39: =F3!C22 | C39: M56 | D39: =Resurse!B40 | E39: =Resurse!C40 | F39: 0.01 | G39: =F3!E22 | H39: =F39*G39 | I39: =Resurse!E40 | J39: =F39*I39 | K39: =Resurse!D40
A40: =F3!A23 | B40: =F3!C23 | C40: M52 | D40: =Resurse!B36 | E40: =Resurse!C36 | F40: 0.3 | G40: =F3!E23 | H40: =F40*G40 | I40: =Resurse!E36 | J40: =F40*I40 | K40: =Resurse!D36
A41: =F3!A23 | B41: =F3!C23 | C41: M53 | D41: =Resurse!B37 | E41: =Resurse!C37 | F41: 0.2 | G41: =F3!E23 | H41: =F41*G41 | I41: =Resurse!E37 | J41: =F41*I41 | K41: =Resurse!D37
A42: =F3!A23 | B42: =F3!C23 | C42: M54 | D42: =Resurse!B38 | E42: =Resurse!C38 | F42: 0.25 | G42: =F3!E23 | H42: =F42*G42 | I42: =Resurse!E38 | J42: =F42*I42 | K42: =Resurse!D38
A43: =F3!A23 | B43: =F3!C23 | C43: O07 | D43: =Resurse!B57 | E43: =Resurse!C57 | F43: 0.9 | G43: =F3!E23 | H43: =F43*G43 | I43: =Resurse!E57 | J43: =F43*I43 | K43: =Resurse!D57
A44: =F3!A27 | B44: =F3!C27 | C44: M02 | D44: =Resurse!B8 | E44: =Resurse!C8 | F44: 0.0275 | G44: =F3!E27 | H44: =F44*G44 | I44: =Resurse!E8 | J44: =F44*I44 | K44: =Resurse!D8
A45: =F3!A27 | B45: =F3!C27 | C45: M05 | D45: =Resurse!B11 | E45: =Resurse!C11 | F45: 0.1 | G45: =F3!E27 | H45: =F45*G45 | I45: =Resurse!E11 | J45: =F45*I45 | K45: =Resurse!D11
A46: =F3!A27 | B46: =F3!C27 | C46: M06 | D46: =Resurse!B12 | E46: =Resurse!C12 | F46: 0.3 | G46: =F3!E27 | H46: =F46*G46 | I46: =Resurse!E12 | J46: =F46*I46 | K46: =Resurse!D12
A47: =F3!A27 | B47: =F3!C27 | C47: O01 | D47: =Resurse!B52 | E47: =Resurse!C52 | F47: 0.13326 | G47: =F3!E27 | H47: =F47*G47 | I47: =Resurse!E52 | J47: =F47*I47 | K47: =Resurse!D52
A48: =F3!A27 | B48: =F3!C27 | C48: O03 | D48: =Resurse!B54 | E48: =Resurse!C54 | F48: 0.06411 | G48: =F3!E27 | H48: =F48*G48 | I48: =Resurse!E54 | J48: =F48*I48 | K48: =Resurse!D54
A49: =F3!A27 | B49: =F3!C27 | C49: U01 | D49: =Resurse!B58 | E49: =Resurse!C58 | F49: 0.03 | G49: =F3!E27 | H49: =F49*G49 | I49: =Resurse!E58 | J49: =F49*I49 | K49: =Resurse!D58
A50: =F3!A27 | B50: =F3!C27 | C50: T01 | D50: =Resurse!B61 | E50: =Resurse!C61 | F50: 1 | G50: =F3!E27 | H50: =F50*G50 | I50: =Resurse!E61 | J50: =F50*I50 | K50: =Resurse!D61
A51: =F3!A28 | B51: =F3!C28 | C51: M03 | D51: =Resurse!B9 | E51: =Resurse!C9 | F51: 0.0095 | G51: =F3!E28 | H51: =F51*G51 | I51: =Resurse!E9 | J51: =F51*I51 | K51: =Resurse!D9
A52: =F3!A28 | B52: =F3!C28 | C52: M05 | D52: =Resurse!B11 | E52: =Resurse!C11 | F52: 0.1 | G52: =F3!E28 | H52: =F52*G52 | I52: =Resurse!E11 | J52: =F52*I52 | K52: =Resurse!D11
A53: =F3!A28 | B53: =F3!C28 | C53: M06 | D53: =Resurse!B12 | E53: =Resurse!C12 | F53: 0.1 | G53: =F3!E28 | H53: =F53*G53 | I53: =Resurse!E12 | J53: =F53*I53 | K53: =Resurse!D12
A54: =F3!A28 | B54: =F3!C28 | C54: O01 | D54: =Resurse!B52 | E54: =Resurse!C52 | F54: 0.09994 | G54: =F3!E28 | H54: =F54*G54 | I54: =Resurse!E52 | J54: =F54*I54 | K54: =Resurse!D52
A55: =F3!A28 | B55: =F3!C28 | C55: U01 | D55: =Resurse!B58 | E55: =Resurse!C58 | F55: 0.02 | G55: =F3!E28 | H55: =F55*G55 | I55: =Resurse!E58 | J55: =F55*I55 | K55: =Resurse!D58
A56: =F3!A28 | B56: =F3!C28 | C56: T01 | D56: =Resurse!B61 | E56: =Resurse!C61 | F56: 0.4 | G56: =F3!E28 | H56: =F56*G56 | I56: =Resurse!E61 | J56: =F56*I56 | K56: =Resurse!D61
A57: =F3!A29 | B57: =F3!C29 | C57: M08 | D57: =Resurse!B13 | E57: =Resurse!C13 | F57: 1.12 | G57: =F3!E29 | H57: =F57*G57 | I57: =Resurse!E13 | J57: =F57*I57 | K57: =Resurse!D13
A58: =F3!A29 | B58: =F3!C29 | C58: M09 | D58: =Resurse!B14 | E58: =Resurse!C14 | F58: 0.1 | G58: =F3!E29 | H58: =F58*G58 | I58: =Resurse!E14 | J58: =F58*I58 | K58: =Resurse!D14
A59: =F3!A29 | B59: =F3!C29 | C59: O02 | D59: =Resurse!B53 | E59: =Resurse!C53 | F59: 0.02665 | G59: =F3!E29 | H59: =F59*G59 | I59: =Resurse!E53 | J59: =F59*I59 | K59: =Resurse!D53
A60: =F3!A30 | B60: =F3!C30 | C60: M10 | D60: =Resurse!B15 | E60: =Resurse!C15 | F60: 1.1 | G60: =F3!E30 | H60: =F60*G60 | I60: =Resurse!E15 | J60: =F60*I60 | K60: =Resurse!D15
A61: =F3!A30 | B61: =F3!C30 | C61: M11 | D61: =Resurse!B16 | E61: =Resurse!C16 | F61: 4 | G61: =F3!E30 | H61: =F61*G61 | I61: =Resurse!E16 | J61: =F61*I61 | K61: =Resurse!D16
A62: =F3!A30 | B62: =F3!C30 | C62: O02 | D62: =Resurse!B53 | E62: =Resurse!C53 | F62: 0.21654 | G62: =F3!E30 | H62: =F62*G62 | I62: =Resurse!E53 | J62: =F62*I62 | K62: =Resurse!D53
A63: =F3!A30 | B63: =F3!C30 | C63: O03 | D63: =Resurse!B54 | E63: =Resurse!C54 | F63: 0.16027 | G63: =F3!E30 | H63: =F63*G63 | I63: =Resurse!E54 | J63: =F63*I63 | K63: =Resurse!D54
A64: =F3!A30 | B64: =F3!C30 | C64: T01 | D64: =Resurse!B61 | E64: =Resurse!C61 | F64: 3 | G64: =F3!E30 | H64: =F64*G64 | I64: =Resurse!E61 | J64: =F64*I64 | K64: =Resurse!D61
A65: =F3!A31 | B65: =F3!C31 | C65: M12 | D65: =Resurse!B17 | E65: =Resurse!C17 | F65: 1 | G65: =F3!E31 | H65: =F65*G65 | I65: =Resurse!E17 | J65: =F65*I65 | K65: =Resurse!D17
A66: =F3!A31 | B66: =F3!C31 | C66: M13 | D66: =Resurse!B18 | E66: =Resurse!C18 | F66: 1 | G66: =F3!E31 | H66: =F66*G66 | I66: =Resurse!E18 | J66: =F66*I66 | K66: =Resurse!D18
A67: =F3!A31 | B67: =F3!C31 | C67: M14 | D67: =Resurse!B19 | E67: =Resurse!C19 | F67: 0.15 | G67: =F3!E31 | H67: =F67*G67 | I67: =Resurse!E19 | J67: =F67*I67 | K67: =Resurse!D19
A68: =F3!A31 | B68: =F3!C31 | C68: O02 | D68: =Resurse!B53 | E68: =Resurse!C53 | F68: 0.14991 | G68: =F3!E31 | H68: =F68*G68 | I68: =Resurse!E53 | J68: =F68*I68 | K68: =Resurse!D53
A69: =F3!A32 | B69: =F3!C32 | C69: M20 | D69: =Resurse!B24 | E69: =Resurse!C24 | F69: 0.62 | G69: =F3!E32 | H69: =F69*G69 | I69: =Resurse!E24 | J69: =F69*I69 | K69: =Resurse!D24
A70: =F3!A32 | B70: =F3!C32 | C70: M09 | D70: =Resurse!B14 | E70: =Resurse!C14 | F70: 0.05 | G70: =F3!E32 | H70: =F70*G70 | I70: =Resurse!E14 | J70: =F70*I70 | K70: =Resurse!D14
A71: =F3!A32 | B71: =F3!C32 | C71: O02 | D71: =Resurse!B53 | E71: =Resurse!C53 | F71: 0.18323 | G71: =F3!E32 | H71: =F71*G71 | I71: =Resurse!E53 | J71: =F71*I71 | K71: =Resurse!D53
A72: =F3!A33 | B72: =F3!C33 | C72: M20 | D72: =Resurse!B24 | E72: =Resurse!C24 | F72: 0.4 | G72: =F3!E33 | H72: =F72*G72 | I72: =Resurse!E24 | J72: =F72*I72 | K72: =Resurse!D24
A73: =F3!A33 | B73: =F3!C33 | C73: M09 | D73: =Resurse!B14 | E73: =Resurse!C14 | F73: 0.05 | G73: =F3!E33 | H73: =F73*G73 | I73: =Resurse!E14 | J73: =F73*I73 | K73: =Resurse!D14
A74: =F3!A33 | B74: =F3!C33 | C74: O02 | D74: =Resurse!B53 | E74: =Resurse!C53 | F74: 0.09994 | G74: =F3!E33 | H74: =F74*G74 | I74: =Resurse!E53 | J74: =F74*I74 | K74: =Resurse!D53
A75: =F3!A34 | B75: =F3!C34 | C75: M20 | D75: =Resurse!B24 | E75: =Resurse!C24 | F75: 0.4 | G75: =F3!E34 | H75: =F75*G75 | I75: =Resurse!E24 | J75: =F75*I75 | K75: =Resurse!D24
A76: =F3!A34 | B76: =F3!C34 | C76: M09 | D76: =Resurse!B14 | E76: =Resurse!C14 | F76: 0.05 | G76: =F3!E34 | H76: =F76*G76 | I76: =Resurse!E14 | J76: =F76*I76 | K76: =Resurse!D14
A77: =F3!A34 | B77: =F3!C34 | C77: O02 | D77: =Resurse!B53 | E77: =Resurse!C53 | F77: 0.1166 | G77: =F3!E34 | H77: =F77*G77 | I77: =Resurse!E53 | J77: =F77*I77 | K77: =Resurse!D53
A78: =F3!A35 | B78: =F3!C35 | C78: M15 | D78: =Resurse!B20 | E78: =Resurse!C20 | F78: 1.2 | G78: =F3!E35 | H78: =F78*G78 | I78: =Resurse!E20 | J78: =F78*I78 | K78: =Resurse!D20
A79: =F3!A35 | B79: =F3!C35 | C79: O02 | D79: =Resurse!B53 | E79: =Resurse!C53 | F79: 0.09994 | G79: =F3!E35 | H79: =F79*G79 | I79: =Resurse!E53 | J79: =F79*I79 | K79: =Resurse!D53
A80: =F3!A36 | B80: =F3!C36 | C80: M20 | D80: =Resurse!B24 | E80: =Resurse!C24 | F80: 0.45 | G80: =F3!E36 | H80: =F80*G80 | I80: =Resurse!E24 | J80: =F80*I80 | K80: =Resurse!D24
A81: =F3!A36 | B81: =F3!C36 | C81: M09 | D81: =Resurse!B14 | E81: =Resurse!C14 | F81: 0.05 | G81: =F3!E36 | H81: =F81*G81 | I81: =Resurse!E14 | J81: =F81*I81 | K81: =Resurse!D14
A82: =F3!A36 | B82: =F3!C36 | C82: M17 | D82: =Resurse!B21 | E82: =Resurse!C21 | F82: 0.1 | G82: =F3!E36 | H82: =F82*G82 | I82: =Resurse!E21 | J82: =F82*I82 | K82: =Resurse!D21
A83: =F3!A36 | B83: =F3!C36 | C83: O02 | D83: =Resurse!B53 | E83: =Resurse!C53 | F83: 0.16657 | G83: =F3!E36 | H83: =F83*G83 | I83: =Resurse!E53 | J83: =F83*I83 | K83: =Resurse!D53
A84: =F3!A40 | B84: =F3!C40 | C84: M18 | D84: =Resurse!B22 | E84: =Resurse!C22 | F84: 1.2 | G84: =F3!E40 | H84: =F84*G84 | I84: =Resurse!E22 | J84: =F84*I84 | K84: =Resurse!D22
A85: =F3!A40 | B85: =F3!C40 | C85: M19 | D85: =Resurse!B23 | E85: =Resurse!C23 | F85: 22 | G85: =F3!E40 | H85: =F85*G85 | I85: =Resurse!E23 | J85: =F85*I85 | K85: =Resurse!D23
A86: =F3!A40 | B86: =F3!C40 | C86: M52 | D86: =Resurse!B36 | E86: =Resurse!C36 | F86: 0.15 | G86: =F3!E40 | H86: =F86*G86 | I86: =Resurse!E36 | J86: =F86*I86 | K86: =Resurse!D36
A87: =F3!A40 | B87: =F3!C40 | C87: O01 | D87: =Resurse!B52 | E87: =Resurse!C52 | F87: 0.29983 | G87: =F3!E40 | H87: =F87*G87 | I87: =Resurse!E52 | J87: =F87*I87 | K87: =Resurse!D52
A88: =F3!A40 | B88: =F3!C40 | C88: O03 | D88: =Resurse!B54 | E88: =Resurse!C54 | F88: 0.09616 | G88: =F3!E40 | H88: =F88*G88 | I88: =Resurse!E54 | J88: =F88*I88 | K88: =Resurse!D54
A89: =F3!A40 | B89: =F3!C40 | C89: U02 | D89: =Resurse!B59 | E89: =Resurse!C59 | F89: 0.1 | G89: =F3!E40 | H89: =F89*G89 | I89: =Resurse!E59 | J89: =F89*I89 | K89: =Resurse!D59
A90: =F3!A41 | B90: =F3!C41 | C90: M55 | D90: =Resurse!B39 | E90: =Resurse!C39 | F90: 1.05 | G90: =F3!E41 | H90: =F90*G90 | I90: =Resurse!E39 | J90: =F90*I90 | K90: =Resurse!D39
A91: =F3!A41 | B91: =F3!C41 | C91: M19 | D91: =Resurse!B23 | E91: =Resurse!C23 | F91: 4 | G91: =F3!E41 | H91: =F91*G91 | I91: =Resurse!E23 | J91: =F91*I91 | K91: =Resurse!D23
A92: =F3!A41 | B92: =F3!C41 | C92: O01 | D92: =Resurse!B52 | E92: =Resurse!C52 | F92: 0.1166 | G92: =F3!E41 | H92: =F92*G92 | I92: =Resurse!E52 | J92: =F92*I92 | K92: =Resurse!D52
A93: =F3!A45 | B93: =F3!C45 | C93: M60 | D93: =Resurse!B41 | E93: =Resurse!C41 | F93: 25 | G93: =F3!E45 | H93: =F93*G93 | I93: =Resurse!E41 | J93: =F93*I93 | K93: =Resurse!D41
A94: =F3!A45 | B94: =F3!C45 | C94: M61 | D94: =Resurse!B42 | E94: =Resurse!C42 | F94: 45 | G94: =F3!E45 | H94: =F94*G94 | I94: =Resurse!E42 | J94: =F94*I94 | K94: =Resurse!D42
A95: =F3!A45 | B95: =F3!C45 | C95: M62 | D95: =Resurse!B43 | E95: =Resurse!C43 | F95: 1 | G95: =F3!E45 | H95: =F95*G95 | I95: =Resurse!E43 | J95: =F95*I95 | K95: =Resurse!D43
A96: =F3!A45 | B96: =F3!C45 | C96: M63 | D96: =Resurse!B44 | E96: =Resurse!C44 | F96: 1 | G96: =F3!E45 | H96: =F96*G96 | I96: =Resurse!E44 | J96: =F96*I96 | K96: =Resurse!D44
A97: =F3!A45 | B97: =F3!C45 | C97: O05 | D97: =Resurse!B56 | E97: =Resurse!C56 | F97: 6.62069 | G97: =F3!E45 | H97: =F97*G97 | I97: =Resurse!E56 | J97: =F97*I97 | K97: =Resurse!D56
A98: =F3!A45 | B98: =F3!C45 | C98: O03 | D98: =Resurse!B54 | E98: =Resurse!C54 | F98: 3.84638 | G98: =F3!E45 | H98: =F98*G98 | I98: =Resurse!E54 | J98: =F98*I98 | K98: =Resurse!D54
A99: =F3!A46 | B99: =F3!C46 | C99: M64 | D99: =Resurse!B45 | E99: =Resurse!C45 | F99: 1 | G99: =F3!E46 | H99: =F99*G99 | I99: =Resurse!E45 | J99: =F99*I99 | K99: =Resurse!D45
A100: =F3!A46 | B100: =F3!C46 | C100: O05 | D100: =Resurse!B56 | E100: =Resurse!C56 | F100: 4.41379 | G100: =F3!E46 | H100: =F100*G100 | I100: =Resurse!E56 | J100: =F100*I100 | K100: =Resurse!D56
A101: =F3!A50 | B101: =F3!C50 | C101: M21 | D101: =Resurse!B25 | E101: =Resurse!C25 | F101: 1 | G101: =F3!E50 | H101: =F101*G101 | I101: =Resurse!E25 | J101: =F101*I101 | K101: =Resurse!D25
...

Sheet C6
A1: C6 – Lista consumurilor de resurse materiale
A2: Obiectiv: Înlocuire acoperiș clădire Parc Dofteana – DSBC 2026 II – Beneficiar: Direcția Silvică Bacău
A3: Ofertant: BILZI STEEL PROFILE S.R.L., CUI 39666285, J10/757/2018, Buzău
A4: Valori în lei, fără TVA
A6: Nr. | B6: Denumirea resursei | C6: UM | D6: Cantitate totală | E6: Preț unitar (lei) | F6: Valoare (lei, fără TVA)
A7: 1 | B7: =Resurse!B7 | C7: =Resurse!C7 | D7: =SUMIFS(Analiza!$H$7:$H$138,Analiza!$C$7:$C$138,Resurse!$A$7) | E7: =Resurse!E7 | F7: =ROUND(D7*E7,2)
A8: 2 | B8: =Resurse!B8 | C8: =Resurse!C8 | D8: =SUMIFS(Analiza!$H$7:$H$138,Analiza!$C$7:$C$138,Resurse!$A$8) | E8: =Resurse!E8 | F8: =ROUND(D8*E8,2)
A9: 3 | B9: =Resurse!B9 | C9: =Resurse!C9 | D9: =SUMIFS(Analiza!$H$7:$H$138,Analiza!$C$7:$C$138,Resurse!$A$9) | E9: =Resurse!E9 | F9: =ROUND(D9*E9,2)
A10: 4 | B10: =Resurse!B10 | C10: =Resurse!C10 | D10: =SUMIFS(Analiza!$H$7:$H$138,Analiza!$C$7:$C$138,Resurse!$A$10) | E10: =Resurse!E10 | F10: =ROUND(D10*E10,2)
A11: 5 | B11: =Resurse!B11 | C11: =Resurse!C11 | D11: =SUMIFS(Analiza!$H$7:$H$138,Analiza!$C$7:$C$138,Resurse!$A$11) | E11: =Resurse!E11 | F11: =ROUND(D11*E11,2)
A12: 6 | B12: =Resurse!B12 | C12: =Resurse!C12 | D12: =SUMIFS(Analiza!$H$7:$H$138,Analiza!$C$7:$C$138,Resurse!$A$12) | E12: =Resurse!E12 | F12: =ROUND(D12*E12,2)
A13: 7 | B13: =Resurse!B13 | C13: =Resurse!C13 | D13: =SUMIFS(Analiza!$H$7:$H$138,Analiza!$C$7:$C$138,Resurse!$A$13) | E13: =Resurse!E13 | F13: =ROUND(D13*E13,2)
A14: 8 | B14: =Resurse!B14 | C14: =Resurse!C14 | D14: =SUMIFS(Analiza!$H$7:$H$138,Analiza!$C$7:$C$138,Resurse!$A$14) | E14: =Resurse!E14 | F14: =ROUND(D14*E14,2)
A15: 9 | B15: =Resurse!B15 | C15: =Resurse!C15 | D15: =SUMIFS(Analiza!$H$7:$H$138,Analiza!$C$7:$C$138,Resurse!$A$15) | E15: =Resurse!E15 | F15: =ROUND(D15*E15,2)
A16: 10 | B16: =Resurse!B16 | C16: =Resurse!C16 | D16: =SUMIFS(Analiza!$H$7:$H$138,Analiza!$C$7:$C$138,Resurse!$A$16) | E16: =Resurse!E16 | F16: =ROUND(D16*E16,2)
A17: 11 | B17: =Resurse!B17 | C17: =Resurse!C17 | D17: =SUMIFS(Analiza!$H$7:$H$138,Analiza!$C$7:$C$138,Resurse!$A$17) | E17: =Resurse!E17 | F17: =ROUND(D17*E17,2)
A18: 12 | B18: =Resurse!B18 | C18: =Resurse!C18 | D18: =SUMIFS(Analiza!$H$7:$H$138,Analiza!$C$7:$C$138,Resurse!$A$18) | E18: =Resurse!E18 | F18: =ROUND(D18*E18,2)
A19: 13 | B19: =Resurse!B19 | C19: =Resurse!C19 | D19: =SUMIFS(Analiza!$H$7:$H$138,Analiza!$C$7:$C$138,Resurse!$A$19) | E19: =Resurse!E19 | F19: =ROUND(D19*E19,2)
A20: 14 | B20: =Resurse!B20 | C20: =Resurse!C20 | D20: =SUMIFS(Analiza!$H$7:$H$138,Analiza!$C$7:$C$138,Resurse!$A$20) | E20: =Resurse!E20 | F20: =ROUND(D20*E20,2)
A21: 15 | B21: =Resurse!B21 | C21: =Resurse!C21 | D21: =SUMIFS(Analiza!$H$7:$H$138,Analiza!$C$7:$C$138,Resurse!$A$21) | E21: =Resurse!E21 | F21: =ROUND(D21*E21,2)
A22: 16 | B22: =Resurse!B22 | C22: =Resurse!C22 | D22: =SUMIFS(Analiza!$H$7:$H$138,Analiza!$C$7:$C$138,Resurse!$A$22) | E22: =Resurse!E22 | F22: =ROUND(D22*E22,2)
A23: 17 | B23: =Resurse!B23 | C23: =Resurse!C23 | D23: =SUMIFS(Analiza!$H$7:$H$138,Analiza!$C$7:$C$138,Resurse!$A$23) | E23: =Resurse!E23 | F23: =ROUND(D23*E23,2)
A24: 18 | B24: =Resurse!B24 | C24: =Resurse!C24 | D24: =SUMIFS(Analiza!$H$7:$H$138,Analiza!$C$7:$C$138,Resurse!$A$24) | E24: =Resurse!E24 | F24: =ROUND(D24*E24,2)
A25: 19 | B25: =Resurse!B25 | C25: =Resurse!C25 | D25: =SUMIFS(Analiza!$H$7:$H$138,Analiza!$C$7:$C$138,Resurse!$A$25) | E25: =Resurse!E25 | F25: =ROUND(D25*E25,2)
A26: 20 | B26: =Resurse!B26 | C26: =Resurse!C26 | D26: =SUMIFS(Analiza!$H$7:$H$138,Analiza!$C$7:$C$138,Resurse!$A$26) | E26: =Resurse!E26 | F26: =ROUND(D26*E26,2)
A27: 21 | B27: =Resurse!B27 | C27: =Resurse!C27 | D27: =SUMIFS(Analiza!$H$7:$H$138,Analiza!$C$7:$C$138,Resurse!$A$27) | E27: =Resurse!E27 | F27: =ROUND(D27*E27,2)
A28: 22 | B28: =Resurse!B28 | C28: =Resurse!C28 | D28: =SUMIFS(Analiza!$H$7:$H$138,Analiza!$C$7:$C$138,Resurse!$A$28) | E28: =Resurse!E28 | F28: =ROUND(D28*E28,2)
A29: 23 | B29: =Resurse!B29 | C29: =Resurse!C29 | D29: =SUMIFS(Analiza!$H$7:$H$138,Analiza!$C$7:$C$138,Resurse!$A$29) | E29: =Resurse!E29 | F29: =ROUND(D29*E29,2)
A30: 24 | B30: =Resurse!B30 | C30: =Resurse!C30 | D30: =SUMIFS(Analiza!$H$7:$H$138,Analiza!$C$7:$C$138,Resurse!$A$30) | E30: =Resurse!E30 | F30: =ROUND(D30*E30,2)
A31: 25 | B31: =Resurse!B31 | C31: =Resurse!C31 | D31: =SUMIFS(Analiza!$H$7:$H$138,Analiza!$C$7:$C$138,Resurse!$A$31) | E31: =Resurse!E31 | F31: =ROUND(D31*E31,2)
A32: 26 | B32: =Resurse!B32 | C32: =Resurse!C32 | D32: =SUMIFS(Analiza!$H$7:$H$138,Analiza!$C$7:$C$138,Resurse!$A$32) | E32: =Resurse!E32 | F32: =ROUND(D32*E32,2)
A33: 27 | B33: =Resurse!B33 | C33: =Resurse!C33 | D33: =SUMIFS(Analiza!$H$7:$H$138,Analiza!$C$7:$C$138,Resurse!$A$33) | E33: =Resurse!E33 | F33: =ROUND(D33*E33,2)
A34: 28 | B34: =Resurse!B34 | C34: =Resurse!C34 | D34: =SUMIFS(Analiza!$H$7:$H$138,Analiza!$C$7:$C$138,Resurse!$A$34) | E34: =Resurse!E34 | F34: =ROUND(D34*E34,2)
A35: 29 | B35: =Resurse!B35 | C35: =Resurse!C35 | D35: =SUMIFS(Analiza!$H$7:$H$138,Analiza!$C$7:$C$138,Resurse!$A$35) | E35: =Resurse!E35 | F35: =ROUND(D35*E35,2)
A36: 30 | B36: =Resurse!B36 | C36: =Resurse!C36 | D36: =SUMIFS(Analiza!$H$7:$H$138,Analiza!$C$7:$C$138,Resurse!$A$36) | E36: =Resurse!E36 | F36: =ROUND(D36*E36,2)
A37: 31 | B37: =Resurse!B37 | C37: =Resurse!C37 | D37: =SUMIFS(Analiza!$H$7:$H$138,Analiza!$C$7:$C$138,Resurse!$A$37) | E37: =Resurse!E37 | F37: =ROUND(D37*E37,2)
A38: 32 | B38: =Resurse!B38 | C38: =Resurse!C38 | D38: =SUMIFS(Analiza!$H$7:$H$138,Analiza!$C$7:$C$138,Resurse!$A$38) | E38: =Resurse!E38 | F38: =ROUND(D38*E38,2)
A39: 33 | B39: =Resurse!B39 | C39: =Resurse!C39 | D39: =SUMIFS(Analiza!$H$7:$H$138,Analiza!$C$7:$C$138,Resurse!$A$39) | E39: =Resurse!E39 | F39: =ROUND(D39*E39,2)
A40: 34 | B40: =Resurse!B40 | C40: =Resurse!C40 | D40: =SUMIFS(Analiza!$H$7:$H$138,Analiza!$C$7:$C$138,Resurse!$A$40) | E40: =Resurse!E40 | F40: =ROUND(D40*E40,2)
A41: 35 | B41: =Resurse!B41 | C41: =Resurse!C41 | D41: =SUMIFS(Analiza!$H$7:$H$138,Analiza!$C$7:$C$138,Resurse!$A$41) | E41: =Resurse!E41 | F41: =ROUND(D41*E41,2)
A42: 36 | B42: =Resurse!B42 | C42: =Resurse!C42 | D42: =SUMIFS(Analiza!$H$7:$H$138,Analiza!$C$7:$C$138,Resurse!$A$42) | E42: =Resurse!E42 | F42: =ROUND(D42*E42,2)
A43: 37 | B43: =Resurse!B43 | C43: =Resurse!C43 | D43: =SUMIFS(Analiza!$H$7:$H$138,Analiza!$C$7:$C$138,Resurse!$A$43) | E43: =Resurse!E43 | F43: =ROUND(D43*E43,2)
A44: 38 | B44: =Resurse!B44 | C44: =Resurse!C44 | D44: =SUMIFS(Analiza!$H$7:$H$138,Analiza!$C$7:$C$138,Resurse!$A$44) | E44: =Resurse!E44 | F44: =ROUND(D44*E44,2)
A45: 39 | B45: =Resurse!B45 | C45: =Resurse!C45 | D45: =SUMIFS(Analiza!$H$7:$H$138,Analiza!$C$7:$C$138,Resurse!$A$45) | E45: =Resurse!E45 | F45: =ROUND(D45*E45,2)
A46: 40 | B46: =Resurse!B46 | C46: =Resurse!C46 | D46: =SUMIFS(Analiza!$H$7:$H$138,Analiza!$C$7:$C$138,Resurse!$A$46) | E46: =Resurse!E46 | F46: =ROUND(D46*E46,2)
A47: 41 | B47: =Resurse!B47 | C47: =Resurse!C47 | D47: =SUMIFS(Analiza!$H$7:$H$138,Analiza!$C$7:$C$138,Resurse!$A$47) | E47: =Resurse!E47 | F47: =ROUND(D47*E47,2)
A48: 42 | B48: =Resurse!B48 | C48: =Resurse!C48 | D48: =SUMIFS(Analiza!$H$7:$H$138,Analiza!$C$7:$C$138,Resurse!$A$48) | E48: =Resurse!E48 | F48: =ROUND(D48*E48,2)
A49: 43 | B49: =Resurse!B49 | C49: =Resurse!C49 | D49: =SUMIFS(Analiza!$H$7:$H$138,Analiza!$C$7:$C$138,Resurse!$A$49) | E49: =Resurse!E49 | F49: =ROUND(D49*E49,2)
A50: 44 | B50: =Resurse!B50 | C50: =Resurse!C50 | D50: =SUMIFS(Analiza!$H$7:$H$138,Analiza!$C$7:$C$138,Resurse!$A$50) | E50: =Resurse!E50 | F50: =ROUND(D50*E50,2)
A51: 45 | B51: =Resurse!B51 | C51: =Resurse!C51 | D51: =SUMIFS(Analiza!$H$7:$H$138,Analiza!$C$7:$C$138,Resurse!$A$51) | E51: =Resurse!E51 | F51: =ROUND(D51*E51,2)
B52: TOTAL | F52: =SUM(F7:F51)
B53: Verificare: diferență față de F3 (rotunjiri, trebuie ≈ 0) | F53: =ROUND(F52-F3!J69,0)
B55: OFERTANT,
B56: BILZI STEEL PROFILE S.R.L.
B57: Șerban Marius – administrator
B58: Semnătura și ștampila

Sheet C7
A1: C7 – Lista consumurilor cu mâna de lucru
A2: Obiectiv: Înlocuire acoperiș clădire Parc Dofteana – DSBC 2026 II – Beneficiar: Direcția Silvică Bacău
A3: Ofertant: BILZI STEEL PROFILE S.R.L., CUI 39666285, J10/757/2018, Buzău
A4: Valori în lei, fără TVA
A6: Nr. | B6: Denumirea resursei | C6: UM | D6: Total ore-om | E6: Tarif orar (lei) | F6: Valoare (lei, fără TVA)
A7: 1 | B7: =Resurse!B52 | C7: =Resurse!C52 | D7: =SUMIFS(Analiza!$H$7:$H$138,Analiza!$C$7:$C$138,Resurse!$A$52) | E7: =Resurse!E52 | F7: =ROUND(D7*E7,2)
A8: 2 | B8: =Resurse!B53 | C8: =Resurse!C53 | D8: =SUMIFS(Analiza!$H$7:$H$138,Analiza!$C$7:$C$138,Resurse!$A$53) | E8: =Resurse!E53 | F8: =ROUND(D8*E8,2)
A9: 3 | B9: =Resurse!B54 | C9: =Resurse!C54 | D9: =SUMIFS(Analiza!$H$7:$H$138,Analiza!$C$7:$C$138,Resurse!$A$54) | E9: =Resurse!E54 | F9: =ROUND(D9*E9,2)
A10: 4 | B10: =Resurse!B55 | C10: =Resurse!C55 | D10: =SUMIFS(Analiza!$H$7:$H$138,Analiza!$C$7:$C$138,Resurse!$A$55) | E10: =Resurse!E55 | F10: =ROUND(D10*E10,2)
A11: 5 | B11: =Resurse!B56 | C11: =Resurse!C56 | D11: =SUMIFS(Analiza!$H$7:$H$138,Analiza!$C$7:$C$138,Resurse!$A$56) | E11: =Resurse!E56 | F11: =ROUND(D11*E11,2)
A12: 6 | B12: =Resurse!B57 | C12: =Resurse!C57 | D12: =SUMIFS(Analiza!$H$7:$H$138,Analiza!$C$7:$C$138,Resurse!$A$57) | E12: =Resurse!E57 | F12: =ROUND(D12*E12,2)
B13: TOTAL | F13: =SUM(F7:F12)
B14: Verificare: diferență față de F3 (rotunjiri, trebuie ≈ 0) | F14: =ROUND(F13-F3!K69,0)
B16: OFERTANT,
B17: BILZI STEEL PROFILE S.R.L.
B18: Șerban Marius – administrator
B19: Semnătura și ștampila

Sheet C8
A1: C8 – Lista consumurilor de ore de funcționare a utilajelor de construcții
A2: Obiectiv: Înlocuire acoperiș clădire Parc Dofteana – DSBC 2026 II – Beneficiar: Direcția Silvică Bacău
A3: Ofertant: BILZI STEEL PROFILE S.R.L., CUI 39666285, J10/757/2018, Buzău
A4: Valori în lei, fără TVA
A6: Nr. | B6: Denumirea resursei | C6: UM | D6: Total ore | E6: Tarif orar (lei) | F6: Valoare (lei, fără TVA)
A7: 1 | B7: =Resurse!B58 | C7: =Resurse!C58 | D7: =SUMIFS(Analiza!$H$7:$H$138,Analiza!$C$7:$C$138,Resurse!$A$58) | E7: =Resurse!E58 | F7: =ROUND(D7*E7,2)
A8: 2 | B8: =Resurse!B59 | C8: =Resurse!C59 | D8: =SUMIFS(Analiza!$H$7:$H$138,Analiza!$C$7:$C$138,Resurse!$A$59) | E8: =Resurse!E59 | F8: =ROUND(D8*E8,2)
A9: 3 | B9: =Resurse!B60 | C9: =Resurse!C60 | D9: =SUMIFS(Analiza!$H$7:$H$138,Analiza!$C$7:$C$138,Resurse!$A$60) | E9: =Resurse!E60 | F9: =ROUND(D9*E9,2)
B10: TOTAL | F10: =SUM(F7:F9)
B11: Verificare: diferență față de F3 (rotunjiri, trebuie ≈ 0) | F11: =ROUND(F10-F3!L69,0)
B13: OFERTANT,
B14: BILZI STEEL PROFILE S.R.L.
B15: Șerban Marius – administrator
B16: Semnătura și ștampila

Sheet C9
A1: C9 – Lista consumurilor privind transporturile
A2: Obiectiv: Înlocuire acoperiș clădire Parc Dofteana – DSBC 2026 II – Beneficiar: Direcția Silvică Bacău
A3: Ofertant: BILZI STEEL PROFILE S.R.L., CUI 39666285, J10/757/2018, Buzău
A4: Valori în lei, fără TVA
A6: Nr. | B6: Denumirea resursei | C6: UM | D6: Cantitate | E6: Tarif (lei) | F6: Valoare (lei, fără TVA)
A7: 1 | B7: =Resurse!B61 | C7: =Resurse!C61 | D7: =SUMIFS(Analiza!$H$7:$H$138,Analiza!$C$7:$C$138,Resurse!$A$61) | E7: =Resurse!E61 | F7: =ROUND(D7*E7,2)
A8: 2 | B8: =Resurse!B62 | C8: =Resurse!C62 | D8: =SUMIFS(Analiza!$H$7:$H$138,Analiza!$C$7:$C$138,Resurse!$A$62) | E8: =Resurse!E62 | F8: =ROUND(D8*E8,2)
B9: TOTAL | F9: =SUM(F7:F8)
B10: Verificare: diferență față de F3 (rotunjiri, trebuie ≈ 0) | F10: =ROUND(F9-F3!M69,0)
B12: OFERTANT,
B13: BILZI STEEL PROFILE S.R.L.
B14: Șerban Marius – administrator
B15: Semnătura și ștampila

Sheet Grafic
A1: Graficul de execuție fizic și valoric – 60 zile calendaristice (9 săptămâni)
A2: Obiectiv: Înlocuire acoperiș clădire Parc Dofteana – DSBC 2026 II – Beneficiar: Direcția Silvică Bacău
A3: Ofertant: BILZI STEEL PROFILE S.R.L., CUI 39666285, J10/757/2018, Buzău
A4: Valori în lei, fără TVA
A6: Nr. | B6: Categoria de lucrări | C6: Valoare totală | D6: Săpt. 1 % | E6: Săpt. 2 % | F6: Săpt. 3 % | G6: Săpt. 4 % | H6: Săpt. 5 % | I6: Săpt. 6 % | J6: Săpt. 7 % | K6: Săpt. 8 % | L6: Săpt. 9 % | M6: Verificare % | N6: Săpt. 1 lei | O6: Săpt. 2 lei | P6: Săpt. 3 lei | Q6: Săpt. 4 lei | R6: Săpt. 5 lei | S6: Săpt. 6 lei | T6: Săpt. 7 lei | U6: Săpt. 8 lei | V6: Săpt. 9 lei
A7: 1 | B7: 02 Demontări | C7: =ROUND(F3!N17/F3!N69*F3!N74,2) | D7: 0.4 | E7: 0.4 | F7: 0.2 | G7: 0 | H7: 0 | I7: 0 | J7: 0 | K7: 0 | L7: 0 | M7: =SUM(D7:L7) | N7: =ROUND($C7*D7,2) | O7: =ROUND($C7*E7,2) | P7: =ROUND($C7*F7,2) | Q7: =ROUND($C7*G7,2) | R7: =ROUND($C7*H7,2) | S7: =ROUND($C7*I7,2) | T7: =ROUND($C7*J7,2) | U7: =ROUND($C7*K7,2) | V7: =ROUND($C7*L7,2)
A8: 2 | B8: 03 Reparații suport lemn | C8: =ROUND(F3!N24/F3!N69*F3!N74,2) | D8: 0 | E8: 0.25 | F8: 0.35 | G8: 0.3 | H8: 0.1 | I8: 0 | J8: 0 | K8: 0 | L8: 0 | M8: =SUM(D8:L8) | N8: =ROUND($C8*D8,2) | O8: =ROUND($C8*E8,2) | P8: =ROUND($C8*F8,2) | Q8: =ROUND($C8*G8,2) | R8: =ROUND($C8*H8,2) | S8: =ROUND($C8*I8,2) | T8: =ROUND($C8*J8,2) | U8: =ROUND($C8*K8,2) | V8: =ROUND($C8*L8,2)
A9: 3 | B9: 04 Înlocuire învelitoare | C9: =ROUND(F3!N37/F3!N69*F3!N74,2) | D9: 0 | E9: 0 | F9: 0.15 | G9: 0.2 | H9: 0.2 | I9: 0.2 | J9: 0.15 | K9: 0.1 | L9: 0 | M9: =SUM(D9:L9) | N9: =ROUND($C9*D9,2) | O9: =ROUND($C9*E9,2) | P9: =ROUND($C9*F9,2) | Q9: =ROUND($C9*G9,2) | R9: =ROUND($C9*H9,2) | S9: =ROUND($C9*I9,2) | T9: =ROUND($C9*J9,2) | U9: =ROUND($C9*K9,2) | V9: =ROUND($C9*L9,2)
A10: 4 | B10: 05 Montaj intrados streașină, pazii din lemn | C10: =ROUND(F3!N42/F3!N69*F3!N74,2) | D10: 0 | E10: 0 | F10: 0 | G10: 0 | H10: 0 | I10: 0.3 | J10: 0.4 | K10: 0.3 | L10: 0 | M10: =SUM(D10:L10) | N10: =ROUND($C10*D10,2) | O10: =ROUND($C10*E10,2) | P10: =ROUND($C10*F10,2) | Q10: =ROUND($C10*G10,2) | R10: =ROUND($C10*H10,2) | S10: =ROUND($C10*I10,2) | T10: =ROUND($C10*J10,2) | U10: =ROUND($C10*K10,2) | V10: =ROUND($C10*L10,2)
A11: 5 | B11: 06 Lucrări la instalații electrice și de protecție la trăsnet | C11: =ROUND(F3!N47/F3!N69*F3!N74,2) | D11: 0.2 | E11: 0 | F11: 0 | G11: 0 | H11: 0 | I11: 0 | J11: 0 | K11: 0.4 | L11: 0.4 | M11: =SUM(D11:L11) | N11: =ROUND($C11*D11,2) | O11: =ROUND($C11*E11,2) | P11: =ROUND($C11*F11,2) | Q11: =ROUND($C11*G11,2) | R11: =ROUND($C11*H11,2) | S11: =ROUND($C11*I11,2) | T11: =ROUND($C11*J11,2) | U11: =ROUND($C11*K11,2) | V11: =ROUND($C11*L11,2)
A12: 6 | B12: 07 Tinichigerie și pluvial | C12: =ROUND(F3!N59/F3!N69*F3!N74,2) | D12: 0 | E12: 0 | F12: 0 | G12: 0 | H12: 0 | I12: 0 | J12: 0.4 | K12: 0.4 | L12: 0.2 | M12: =SUM(D12:L12) | N12: =ROUND($C12*D12,2) | O12: =ROUND($C12*E12,2) | P12: =ROUND($C12*F12,2) | Q12: =ROUND($C12*G12,2) | R12: =ROUND($C12*H12,2) | S12: =ROUND($C12*I12,2) | T12: =ROUND($C12*J12,2) | U12: =ROUND($C12*K12,2) | V12: =ROUND($C12*L12,2)
A13: 7 | B13: 08 Coșuri de fum | C13: =F3!N74-SUM(C7:C12) | D13: 0 | E13: 0 | F13: 0.2 | G13: 0.3 | H13: 0.3 | I13: 0.2 | J13: 0 | K13: 0 | L13: 0 | M13: =SUM(D13:L13) | N13: =ROUND($C13*D13,2) | O13: =ROUND($C13*E13,2) | P13: =ROUND($C13*F13,2) | Q13: =ROUND($C13*G13,2) | R13: =ROUND($C13*H13,2) | S13: =ROUND($C13*I13,2) | T13: =ROUND($C13*J13,2) | U13: =ROUND($C13*K13,2) | V13: =ROUND($C13*L13,2)
B14: TOTAL | C14: =SUM(C7:C13) | N14: =SUM(N7:N13) | O14: =SUM(O7:O13) | P14: =SUM(P7:P13) | Q14: =SUM(Q7:Q13) | R14: =SUM(R7:R13) | S14: =SUM(S7:S13) | T14: =SUM(T7:T13) | U14: =SUM(U7:U13) | V14: =SUM(V7:V13)
B15: Verificare: diferență față de totalul F3 (trebuie ≈ 0) | C15: =ROUND(C14-F3!N74,0)
B17: OFERTANT,
B18: BILZI STEEL PROFILE S.R.L.
B19: Șerban Marius – administrator
B20: Semnătura și ștampila

Sheet Anexa oferta
A1: ANEXA LA FORMULARUL DE OFERTĂ
A2: Titlul contractului: „Înlocuire acoperiș clădire Parc Dofteana – DSBC 2026 II”
A4: Denumire | B4: Valoare lei (fără TVA)
A5: 02 Demontări | B5: =Grafic!C7
A6: 03 Reparații suport lemn | B6: =Grafic!C8
A7: 04 Înlocuire învelitoare | B7: =Grafic!C9
A8: 05 Montaj intrados streașină, pazii din lemn | B8: =Grafic!C10
A9: 06 Lucrări la instalații electrice și de protecție la trăsnet | B9: =Grafic!C11
A10: 07 Tinichigerie și pluvial | B10: =Grafic!C12
A11: 08 Coșuri de fum | B11: =Grafic!C13
A12: TOTAL fără TVA | B12: =F3!N74
A13: TVA 21% | B13: =F3!N75
A14: TOTAL cu TVA | B14: =F3!N76
A16: OFERTANT,
A17: BILZI STEEL PROFILE S.R.L.
A18: Șerban Marius – administrator
A19: Semnătura și ștampila
